Title                              ;URL
Taylor Swift - All Too Well (Taylor's Version) (Lyric Video);https://www.youtube.com/watch?v=9OQBDdNHmXo
Taylor Swift ft. Ed Sheeran - Everything Has Changed (Taylor's Version) (Lyric Video);https://www.youtube.com/watch?v=eMcMbWl0fDk
Taylor Swift - All Too Well (10 Minute Version) (Lyric Video);https://www.youtube.com/watch?v=sRxrwjOtIag
Taylor Swift - Ronan (Taylor's Version) (Lyric Video);https://www.youtube.com/watch?v=kdiBc40gW7s
Taylor Swift - We Are Never Ever... (Taylor's Version) (Lyric Video);https://www.youtube.com/watch?v=zJFcr1KyFqE
Taylor Swift - I Knew You Were Trouble (Taylor's Version) (Lyric Video);https://www.youtube.com/watch?v=TqAollrUJdA
Taylor Swift - 22 (Taylor's Version) (Lyric Video);https://www.youtube.com/watch?v=9boiT64sm0Q
Taylor Swift - Style;https://www.youtube.com/watch?v=-CmadmM5cOk
Master Blaster - Everywhere (Radio Mix);https://www.youtube.com/watch?v=fve_Vmu5uqY
Master Blaster - Walking In Memphis;https://www.youtube.com/watch?v=5A96ZONhAtQ
Kelly Clarkson - Heartbeat Song;https://www.youtube.com/watch?v=d4_6N-k5VS4
Taylor Swift - champagne problems (Official Lyric Video);https://www.youtube.com/watch?v=wMpqCRF7TKg
My Chemical Romance - Welcome To The Black Parade [Official Music Video] [HD];https://www.youtube.com/watch?v=RRKJiM9Njr8
champagne problems;https://www.youtube.com/watch?v=g9aNdMLYUrk
Laura non c'√® - Nek et Cerena et les 500 Choristes (Greek subtitles);https://www.youtube.com/watch?v=4IukGmpeiz0
Ed Sheeran - Shivers [Official Video];https://www.youtube.com/watch?v=Il0S8BoucSA
Seal - Kiss From A Rose (Official Music Video) + Lyrics (HQ - High Quality);https://www.youtube.com/watch?v=yivLt9cTaio
Taylor Swift - The Man (Official Video);https://www.youtube.com/watch?v=AqAJLh9wuZ0
The Kid LAROI, Justin Bieber - STAY (Official Video);https://www.youtube.com/watch?v=kTJczUoc26U
Emil√≠ana Torrini - Jungle Drum (Official Video);https://www.youtube.com/watch?v=iZ9vkd7Rp-g
Taylor Swift - Lover;https://www.youtube.com/watch?v=-BjZmE2gtdo
Shakira - Don't Wait Up (Official Video);https://www.youtube.com/watch?v=mr7ZfX1E55g
Electric Youth & College - A Real Hero (DRIVE);https://www.youtube.com/watch?v=XoHI6Zus2UI
Taylor Swift - The Best Day (Taylor's Version) (Official Music Video);https://www.youtube.com/watch?v=n0cde-Km05o
Taylor Swift - Love Story (Taylor‚Äôs Version) [Official Lyric Video];https://www.youtube.com/watch?v=aXzVF3XeS8M
Taylor Swift - You Belong With Me (Taylor's Version) (Lyric Video);https://www.youtube.com/watch?v=vwp8Ur6tO-8
Taylor Swift - Wildest Dreams (Taylor‚Äôs Version) (Official Audio);https://www.youtube.com/watch?v=CUr_UwUUXzU
BURN IT DOWN [Official Music Video] - Linkin Park;https://www.youtube.com/watch?v=dxytyRy-O1k
Christina Aguilera - Hurt (Main Video);https://www.youtube.com/watch?v=wwCykGDEp7M
Safe & Sound feat. The Civil Wars (The Hunger Games: Songs From District 12 And Beyond);https://www.youtube.com/watch?v=RzhAS_GnJIc
Agnes - Release Me (Official Music Video);https://www.youtube.com/watch?v=keYXzDh5JEQ
Elton John, Dua Lipa - Cold Heart (PNAU Remix) (Official Video);https://www.youtube.com/watch?v=qod03PVTLqk
Dzeko & Torres - L'Amour Toujours feat. Delaney Jane (Ti√´sto Edit) [Official Lyric Video];https://www.youtube.com/watch?v=g2rdrNONy7k
Lasgo - Something   (OFFICIAL VIDEO);https://www.youtube.com/watch?v=BF5bV6oWXJg
Lasgo - Surrender [Official Video];https://www.youtube.com/watch?v=mYdUwyJBRrc
Thegiornalisti - Riccione;https://www.youtube.com/watch?v=nrgMQ88jHj0
Spandau Ballet - Through the Barricades;https://www.youtube.com/watch?v=yn7HXmzxqV8
Martin Tungevaag - Wicked Wonderland (Official Video HD);https://www.youtube.com/watch?v=egtI2xqg75E
Ed Sheeran - Bad Habits [Official Video];https://www.youtube.com/watch?v=orJSJGHjBLI
Tungevaag - Ride With Me (feat. Kid Ink) [Official Music Video];https://www.youtube.com/watch?v=dX4IzQSPqtg
Deleted video;https://www.youtube.com/watch?v=97bKSqH6jH4
Laura Pausini - E Ritorno Da Te (Official Video);https://www.youtube.com/watch?v=H686vAjvVDU
sangiovanni - malibu;https://www.youtube.com/watch?v=8RwFEcQ36Z4
Chesney Hawkes - The One and Only (Official Music Video);https://www.youtube.com/watch?v=ZvMsp7s78Do
Bryan Adams - Can't Stop This Thing We Started;https://www.youtube.com/watch?v=lP4Nnek6DCo
Martin Garrix & Dean Lewis - Used To Love (Official Video);https://www.youtube.com/watch?v=LEh9F67Z5n8
Kungs - Never Going Home (clip officiel);https://www.youtube.com/watch?v=QH2a6V-W87U
SUPER-Hi x NEEKA - Following The Sun (Official Music Video);https://www.youtube.com/watch?v=uZsY4S4ckMU
Roxette - Spending My Time;https://www.youtube.com/watch?v=eG0IYV6G0I0
Olly Murs - Dear Darlin';https://www.youtube.com/watch?v=m20BTdy9FGI
Robin Schulz, Alle Farben, Israel Kamakawiwo'ole - Over The Rainbow / Wonderful World (Lyric Video);https://www.youtube.com/watch?v=AawV6dpb8So
Laurell - Habit (Official Lyric Video);https://www.youtube.com/watch?v=9Ud-3_ncZ_c
Rachel Platten - Fight Song (Official Video);https://www.youtube.com/watch?v=xo1VInw-SKc
JENNIFER PAIGE "CRUSH" original version (Official Video) HQ;https://www.youtube.com/watch?v=EIhSnaqou0I
Beverley Craven - Promise Me;https://www.youtube.com/watch?v=EmTBKbyaEjU
Tom Grennan - Little Bit of Love (Official Video);https://www.youtube.com/watch?v=SsdkvYdSzlg
Raul Orellana - The Real Wild House (12" Wild Mix) 1989;https://www.youtube.com/watch?v=Mb9PgpOyLuA
Doris Day - Que Sera Sera;https://www.youtube.com/watch?v=xZbKHDPPrrc
YouNotUs, Janieck, Senex - Narcotic (OFFICIAL MUSIC VIDEO);https://www.youtube.com/watch?v=yQoKd5fu3t4
Laura Pausini & Helene Segara  On N'oublie Jamais Rien On Vit Avec;https://www.youtube.com/watch?v=YaUUamRMaSk
Ten Sharp - You;https://www.youtube.com/watch?v=SZQpVX8RIZY
Kate Ryan - D√©senchant√©e;https://www.youtube.com/watch?v=tmPws7eXcVk
Bob Sinclar & Raffaella Carr√† - Far l'Amore;https://www.youtube.com/watch?v=AeWYXKWBwm0
Raffaella Carr√† - A far l'amore comincia tu (Libelei) (1977) ‚Ä¢ TopPop;https://www.youtube.com/watch?v=YnBs1MuGSAA
LA Vision & Gigi D'Agostino - Hollywood ( Official Lyric Video );https://www.youtube.com/watch?v=zVZXYdcIIKU
Roxette - How Do You Do!;https://www.youtube.com/watch?v=nx2iLOvP0rM
Julia Michaels - Issues;https://www.youtube.com/watch?v=9Ke4480MicU
David Guetta & Afrojack ft Charli XCX & French Montana - Dirty Sexy Money (Official Video);https://www.youtube.com/watch?v=AenmqoozqoA
AZZURRO - ADRIANO CELENTANO;https://www.youtube.com/watch?v=HCyzGuipTd4
Fabio Rovazzi feat. Gianni Morandi - Volare (Official Video);https://www.youtube.com/watch?v=MtJ0lrIGSAE
Vonda Shepard - Searchin' My Soul (Official Music Video);https://www.youtube.com/watch?v=1n4E74tE1nU
J-AX & Fedez - Italiana;https://www.youtube.com/watch?v=OjkfOX-g6Js
Fabio Rovazzi - ANDIAMO A COMANDARE (Official Video);https://www.youtube.com/watch?v=Kifn_WVGReM
Cerena et Nek - Laura non c'e;https://www.youtube.com/watch?v=WSJIf3r3Fzs
DJ Antoine x Tommycassi - Solo per stanotte (ma cherie) [Simon Dekkers Mix] [Official Video];https://www.youtube.com/watch?v=1QbQNyctOxM
Dj Matrix & Matt Joe - Sar√† perch√® ti amo (feat. Carolina Marquez);https://www.youtube.com/watch?v=qFztWkQMiE0
Fabio Rovazzi - Faccio Quello Che Voglio (Official Video);https://www.youtube.com/watch?v=qwezlIJXMqo
Fiction Factory - (Feels Like) Heaven (Video);https://www.youtube.com/watch?v=KQBoeBgb0uk
Barry White - My First My Last My Everything;https://www.youtube.com/watch?v=tB54XUhA9_w
The Exciters - Tell Him;https://www.youtube.com/watch?v=G2sH6h0ViDg
Peter Schilling - Major Tom (Coming Home) (Official Video);https://www.youtube.com/watch?v=wO0A0XcWy88
Genesis - Land Of Confusion (Official Music Video);https://www.youtube.com/watch?v=TlBIa8z_Mts
Ava Max - EveryTime I Cry [Official Lyric Video];https://www.youtube.com/watch?v=ipEiW6eQQcU
Luciano Pavarotti - La Donna √à Mobile (Rigoletto);https://www.youtube.com/watch?v=xCFEk6Y8TmM
Train - Drive By (Official Music Video);https://www.youtube.com/watch?v=oxqnFJ3lp5k
Lune De Miel - Paradise Mi Amor - 1984;https://www.youtube.com/watch?v=TFTz0mILy8Y
Kimera - The Lost Opera 1985;https://www.youtube.com/watch?v=TwCB1ozLg3c
Comanchero MoonRay Video Clip 1984 (MCM);https://www.youtube.com/watch?v=n_pLleIU41A
Mashiro Ayano - Ideal White;https://www.youtube.com/watch?v=-P_B2AC5WJM
Aimer - Brave Shine;https://www.youtube.com/watch?v=XeI8E20ZUE4
Robin S - Show Me Love (Official Music Video) [1993];https://www.youtube.com/watch?v=Ps2Jc28tQrw
The Script - Rain (Official Video);https://www.youtube.com/watch?v=-iA-MHxa8C8
Eric Prydz ‚Äì Call On Me (Official HD Video) [2004];https://www.youtube.com/watch?v=qetW6R9Jxs4
Martin Garrix feat. Bono & The Edge - We Are The People [UEFA EURO 2020 Song] (Official Video);https://www.youtube.com/watch?v=kGT73GcwhCU
Phil Collins - Don't Lose My Number (Official Music Video);https://www.youtube.com/watch?v=B7Z-eUmR2bM
Fools Garden - Lemon Tree (Official Video);https://www.youtube.com/watch?v=wCQfkEkePx8
Roxette - Fading Like A Flower;https://www.youtube.com/watch?v=8fGLiIvKKys
Anna Naklab feat. Alle Farben & YouNotUs - Supergirl [Official Video];https://www.youtube.com/watch?v=31tiWX-8bdc
Reamonn - Supergirl;https://www.youtube.com/watch?v=ucI3IpuM-NQ
Robbie Williams - Supreme;https://www.youtube.com/watch?v=ULTtWUZhD9c
Nathan Evans - Wellerman (Sea Shanty);https://www.youtube.com/watch?v=qP-7GNoDJ5c
Ultravox - Dancing With Tears In My Eyes (Official Music Video);https://www.youtube.com/watch?v=PSQWUZ8a2Ho
Stardust - Music Sounds Better With You (Official Music Video);https://www.youtube.com/watch?v=FQlAEiCb8m0
Falco - Rock Me Amadeus (Official Video);https://www.youtube.com/watch?v=cVikZ8Oe_XA
Ofenbach & Quarterhead - Head Shoulders Knees & Toes (feat. Norma Jean Martine) [Lyric Video];https://www.youtube.com/watch?v=lPx0n6X0d8g
Nilda Fernandez - Nos fian√ßailles (Clip officiel);https://www.youtube.com/watch?v=njQMN11hKjs
Ultravox - Hymn (Official Music Video);https://www.youtube.com/watch?v=RXLkpwFs8Fs
Therapie TAXI - Et√© 90 (Clip Officiel / Rupture 2 merde);https://www.youtube.com/watch?v=sKQIWaEPplQ
Dua Lipa - Love Again (Official Lyrics Video);https://www.youtube.com/watch?v=LAdxhHz6Tu4
Purple Disco Machine - Fireworks (Ft. Moss Kena & The Knocks) - Official Video;https://www.youtube.com/watch?v=8tcYQEk1EVQ
Placebo - Johnny and Mary (Official Audio);https://www.youtube.com/watch?v=1W6U1RCYLt4
Leony - Faded Love (Official Video 4K);https://www.youtube.com/watch?v=CE7ymQByeH0
Sia - Courage To Change (Lyric Video);https://www.youtube.com/watch?v=YAA8vaDfCRk
P!nk, Willow Sage Hart - Cover Me In Sunshine (Official Video);https://www.youtube.com/watch?v=vGZhMIXH62M
Uniting Nations - Out of Touch (Ivan Remix);https://www.youtube.com/watch?v=3iaUZHXsVNg
The Weeknd & Ariana Grande - Save Your Tears (Remix) (Official Video);https://www.youtube.com/watch?v=LIIDh-qI9oI
MEDUZA - Paradise ft. Dermot Kennedy;https://www.youtube.com/watch?v=e7HBypw4lhY
Zoe Wees - Girls Like Us;https://www.youtube.com/watch?v=ao4giEvkV0U
OneRepublic - If I Lose Myself (Official Music Video);https://www.youtube.com/watch?v=TGx0rApSk6w
Rea Garvey, VIZE - The One (Official Music Video);https://www.youtube.com/watch?v=vUkAoNYX07g
Justin Jesso - Getting Closer (Lyrics);https://www.youtube.com/watch?v=esp1J4Hr2t4
Olivia Rodrigo - drivers license (Official Video);https://www.youtube.com/watch?v=ZmDBbnmKpqQ
Lilicub - Voyage En Italie;https://www.youtube.com/watch?v=bse02AUNP_o
Lily Allen | Somewhere Only We Know (John Lewis Christmas Advert);https://www.youtube.com/watch?v=mer6X7nOY_o
P!NK - Sober;https://www.youtube.com/watch?v=nJ3ZM8FDBlg
Lady Antebellum - Need You Now;https://www.youtube.com/watch?v=eM213aMKTHg
The Weeknd - Save Your Tears (Official Music Video);https://www.youtube.com/watch?v=XXYlFuWEuKI
Taylor Swift - The Story Of Us;https://www.youtube.com/watch?v=nN6VR92V70M
Taylor Swift - Love Story;https://www.youtube.com/watch?v=8xg3vE8Ie_E
Faouzia & John Legend - Minefields (Official Music Video);https://www.youtube.com/watch?v=jKIEUdAMtrQ
G√©rald De Palmas - J'en r√™ve encore (Clip officiel);https://www.youtube.com/watch?v=SP7nnmfhdRg
Wheatus - Teenage Dirtbag;https://www.youtube.com/watch?v=FC3y9llDXuM
Robin Schulz feat. KIDDO - All We Got (Official Video);https://www.youtube.com/watch?v=lznH7FZBBYs
G√©rald De Palmas - Regarde-Moi Bien En Face;https://www.youtube.com/watch?v=AOPR08-seTc
Dua Lipa - We're Good (Official Music Video);https://www.youtube.com/watch?v=jr47YisIsz8
The Belle Stars - Sign Of The Times (1983);https://www.youtube.com/watch?v=lyV-GWhvZoY
Pop Songs World 2018 - Mashup of 50+ Pop Songs;https://www.youtube.com/watch?v=od7t74xo3yE
ATB, Topic, A7S - Your Love (9PM) (Official Music Video);https://www.youtube.com/watch?v=9hbu9toStfc
MEDUZA, Becky Hill, Goodboys - Lose Control (Lyric Video);https://www.youtube.com/watch?v=b7kxtIGaNpw
MEDUZA, Goodboys - Piece Of Your Heart (Visualizer);https://www.youtube.com/watch?v=KWjV25q34Hw
DECADE OF POP | The Megamix (2008-2018) // by Adamusic;https://www.youtube.com/watch?v=WMGxrqpZzV0
Pop Songs World 2017 - Mashup (Dj Pyromania);https://www.youtube.com/watch?v=Qu6vm15FV6s
Dua Lipa - IDGAF [French Demo] (Official Audio);https://www.youtube.com/watch?v=Aiyy_bPGOcQ
Keane - Somewhere Only We Know (Official Video);https://www.youtube.com/watch?v=Oextk-If8HQ
Gwen Stefani - Let Me Reintroduce Myself (Official Video);https://www.youtube.com/watch?v=vZvkyfwD8mI
Ava Max - My Head & My Heart [Official Lyric Video];https://www.youtube.com/watch?v=8XxfCrU4uWQ
Samantha Fox - Nothing Gonna Stop Me Now ‚Ä¢ TopPop;https://www.youtube.com/watch?v=kAXL8_zFX8M
LP - The One That You Love (Official Video);https://www.youtube.com/watch?v=y0rTljyiq9w
Mousse T. feat. Hot 'n' Juicy - Horny '98;https://www.youtube.com/watch?v=dH8WvayAo1M
Aura Dione - Friends (Official Video);https://www.youtube.com/watch?v=i5PJ6Cwy7mQ
Lena - Don't Lie To Me (Official Video);https://www.youtube.com/watch?v=B_BLi76JPqA
A Flock Of Seagulls - Space Age Love Song 1982;https://www.youtube.com/watch?v=mcMh6GZoFC8
Tears For Fears - Mad World (Official Music Video);https://www.youtube.com/watch?v=u1ZvPSpLxCg
We The Kings - Check Yes Juliet (Run Baby Run);https://www.youtube.com/watch?v=NnilaaFrza4
NENA | Irgendwie ¬∑ Irgendwo ¬∑ Irgendwann [1984] [Offizielles HD Musikvideo];https://www.youtube.com/watch?v=oMHLkcc9I9c
Kylie Minogue - Magic (Official Video);https://www.youtube.com/watch?v=vzZn31gd_Jc
Sam Smith - Diamonds;https://www.youtube.com/watch?v=8RvAKRoIDqU
Milk Inc. - I Just Died In Your Arms Tonight;https://www.youtube.com/watch?v=W6zD4IYeghU
DJ Sammy vs. Miss van der Kolk - I Fly With You (Cover Video);https://www.youtube.com/watch?v=Lkmk56M0Cqs
Fragma with Damae - You Are Alive (Original Video) 2001 #fragma #vocaltrance #2000s;https://www.youtube.com/watch?v=weNoszMslOs
Eighth Wonder - I'm Not Scared (Video);https://www.youtube.com/watch?v=J-PYqUHfTMA
Band of horses i go to the barn because i like the lyrics;https://www.youtube.com/watch?v=9n9m01SEfyQ
Go West -  We Close Our Eyes (Official Video);https://www.youtube.com/watch?v=iKAginGVpVI
Robin Schulz - Sun Goes Down feat. Jasmine Thompson (Official Video);https://www.youtube.com/watch?v=Mo4cmTaEDIk
Le Brio (Branchez la guitare) - Big Soul;https://www.youtube.com/watch?v=oJu9MfsAXZQ
the friendly indians- i know you know with lyrics;https://www.youtube.com/watch?v=K-QoQqKlsOc
Robert Palmer - Johnny and Mary (Official Video);https://www.youtube.com/watch?v=7_SAMrDnXOE
London Grammar - Wasting My Young Years [Official Video];https://www.youtube.com/watch?v=pkeDBwsIaZw
Geri Halliwell - It's Raining Men;https://www.youtube.com/watch?v=qqXUpe3jlkA
Martin Jensen, Alle Farben, Nico Santos - Running Back To You (Lyric Video);https://www.youtube.com/watch?v=HiXZGbLRQrY
Clean Bandit and Mabel - Tick Tock (feat. 24kGoldn) [Official Video];https://www.youtube.com/watch?v=yC8SPG2LwSA
twocolors - Lovefool (Official Music Video);https://www.youtube.com/watch?v=hcI0FfW0MXU
Milow - First Day Of My Life (Official Video);https://www.youtube.com/watch?v=yzrV_lur7lI
Glockenbach & Mougleta - Dancing In The Dirt;https://www.youtube.com/watch?v=3PCM3EFG-X4
Pitbull - Rain Over Me ft. Marc Anthony;https://www.youtube.com/watch?v=SmM0653YvXU
Bon Jovi - Bed Of Roses (Official Music Video);https://www.youtube.com/watch?v=NvR60Wg9R7Q
Meghan Trainor - Last Christmas (Official Audio);https://www.youtube.com/watch?v=qogRIfHg-lQ
Nickelback - What Are You Waiting For? (Lyric Video);https://www.youtube.com/watch?v=w-Ng5muAAcg
Simply Red - If You Don't Know Me By Now (Official Video);https://www.youtube.com/watch?v=zTcu7MCtuTs
Pet Shop Boys - Go West (Official Video) [HD REMASTERED];https://www.youtube.com/watch?v=LNBjMRvOB5M
All Saints - Never Ever (US Version) (Official Music Video);https://www.youtube.com/watch?v=nPXqkjpXZ_k
Aura - I Will Love You Monday - 0033;https://www.youtube.com/watch?v=1mTl3I-IQrU
Decco, Alex Clare - Crazy to Love You (Official Video);https://www.youtube.com/watch?v=THNmzcOrQBU
Olivia Ruiz - Elle Panique;https://www.youtube.com/watch?v=KWvdqzUQUhI
Lily Allen feat Ours - 22;https://www.youtube.com/watch?v=ng8DY1zM4Cs
DNCE - Cake By The Ocean;https://www.youtube.com/watch?v=vWaRiD5ym74
Deleted video;https://www.youtube.com/watch?v=r_GH6M7cUq4
Hartz 4 und der Tag geh√∂rt dir -  der zweite Partyhit von Ingo ohne Flamingo;https://www.youtube.com/watch?v=aMMqcBzMkRQ
Nathalie Cardone - Hasta siempre (Official Video HD);https://www.youtube.com/watch?v=kTqwy6ay1HQ
It's Only Love - Bryan Adams & Tina Turner;https://www.youtube.com/watch?v=_6igcfvq2BQ
Eagle-Eye Cherry - Save Tonight;https://www.youtube.com/watch?v=Nntd2fgMUYw
Bryan Adams - Summer Of '69 (Official Music Video);https://www.youtube.com/watch?v=eFjjO_lhf9c
Charles & Eddie - Would I Lie To You? (Official Video);https://www.youtube.com/watch?v=G_UXvcr22rM
Dennis Lloyd - Alien (Official Audio);https://www.youtube.com/watch?v=whbidPR4nVA
Count On Me - Bruno Mars (Lyrics) üéµ;https://www.youtube.com/watch?v=Msl2fl3h59I
Jason Derulo - Take You Dancing (Lyrics);https://www.youtube.com/watch?v=S4wS-YonJM8
Michael Schulte - For A Second (Official Lyric Video);https://www.youtube.com/watch?v=77tefMFySLM
Vengaboys - We're Going to Ibiza!;https://www.youtube.com/watch?v=MXXRHpVed3M
U2 - One (Official Music Video);https://www.youtube.com/watch?v=ftjEcrrf7r0
Blondie - Maria (HQ Audio);https://www.youtube.com/watch?v=xx6kLBDjHds
Marion Raven - Break You [OFFICIAL MUSIC VIDEO];https://www.youtube.com/watch?v=F3J_ywpJsSw
The Corrs - Everybody Hurts;https://www.youtube.com/watch?v=RmIqZQwuf3I
Lene Marlin   Where I'm Headed;https://www.youtube.com/watch?v=kKvaWsGh5jA
Lene Marlin - Unforgivable Sinner;https://www.youtube.com/watch?v=RD7kFCSfvvY
Lene Marlin - Sitting Down Here;https://www.youtube.com/watch?v=ClSVzlObxSc
Cut 'N' Move - Give It Up (93:2 HD) /1993/;https://www.youtube.com/watch?v=S-3zGDLeSfE
David Guetta & Sia - Let‚Äôs Love (Lyric video);https://www.youtube.com/watch?v=UBsPNEVt0SM
Wouldn't It Be Good - Nik Kershaw lyrics;https://www.youtube.com/watch?v=AYMAtbq0bjY
Ava Max - Naked [Official Music Video];https://www.youtube.com/watch?v=KMBE_hcSDTI
Lana Del Rey - Summertime Sadness (Official Music Video);https://www.youtube.com/watch?v=TdrL3QxjyVw
Ava Max - Born to the Night [Official Lyric Video];https://www.youtube.com/watch?v=riP6j7SZ04s
Square Rooms;https://www.youtube.com/watch?v=UnmArY0r3co
Robbie Williams - Candy;https://www.youtube.com/watch?v=gtOV7bp-gys
Robbie Williams - Angels (Official Video);https://www.youtube.com/watch?v=luwAMFcc2f8
Dua Lipa & Ang√®le ‚Äì Fever (Official Lyric Video);https://www.youtube.com/watch?v=8f_Y7b5iiTc
Yael Naim - New Soul (Official Video);https://www.youtube.com/watch?v=hhE7QMXRE1g
Cats on trees "Sirens call" [Clip Officiel];https://www.youtube.com/watch?v=X3hJYDGSXt4
Robbie Williams - She's The One (Official Video);https://www.youtube.com/watch?v=sVaRHJn_dgM
Mr Oizo - Flat beat (Official Video with Flat Eric - 1999 - F Communications);https://www.youtube.com/watch?v=qmsbP13xu6k
Avalanche - Johnny, Johnny come home - 1989;https://www.youtube.com/watch?v=qRyiQbeYvf0
Kylie Minogue and Jason Donovan - Especially For You - Official Video;https://www.youtube.com/watch?v=yalM-2ih7RU
Ryan Paris - Dolce Vita (Official Video);https://www.youtube.com/watch?v=EXmABxvHTG4
X Ambassadors - Renegades (Lyric Video);https://www.youtube.com/watch?v=8j741TUIET0
Mike Oldfield ft. Maggie Reilly - Moonlight Shadow (Official Video);https://www.youtube.com/watch?v=e80qhyovOnA
P!nk - Can We Pretend ft. Cash Cash (Official Lyric Video);https://www.youtube.com/watch?v=KVlgHjzZN0k
Ava Max - Christmas Without You [Official Audio];https://www.youtube.com/watch?v=L1KEJzfsQEY
Double You - Please Don't Go [Official Video];https://www.youtube.com/watch?v=ujwm8YrEgI4
Ronan Keating - When You Say Nothing At All;https://www.youtube.com/watch?v=IobNcpiwpSc
Atomic Kitten - Eternal Flame (Official Video);https://www.youtube.com/watch?v=aztY_fpjJeQ
LeAnn Rimes - Cant Fight The Moonlight (Official Music Video);https://www.youtube.com/watch?v=bx3s99FNXzI
Michele Morrone - Hard For Me (Official Music Video);https://www.youtube.com/watch?v=bqO3Y5e4Dow
Celtic Woman - Amazing Grace (Official Video);https://www.youtube.com/watch?v=HsCp5LG_zNE
Sigala - We Got Love (Lyric Video) ft. Ella Henderson;https://www.youtube.com/watch?v=CLJjzlRfKDM
Nea - Some Say - (Felix Jaehn Remix);https://www.youtube.com/watch?v=dQTQrs-2rwQ
Kygo & Whitney Houston - Higher Love (Official Video);https://www.youtube.com/watch?v=JR49dyo-y0E
Kygo, Donna Summer - Hot Stuff (Official Video);https://www.youtube.com/watch?v=yg6Y_1_DJyI
Magic Affair - In The Middle Of The Night;https://www.youtube.com/watch?v=24rn5kLbemY
UB40 - Red Red Wine (Official Video);https://www.youtube.com/watch?v=zXt56MB-3vc
Shannon - Let The Music Play (Official Music Video);https://www.youtube.com/watch?v=_-0sUuGufmw
Philippe Cataldo - Les divas du dancing - clip officiel;https://www.youtube.com/watch?v=hHdVwt-xIMc
Laura Pausini - Non C'√® (Official Video);https://www.youtube.com/watch?v=ZHVdScgUm7U
Shawn Mendes - Treat You Better;https://www.youtube.com/watch?v=lY2yjAdbvdQ
Dua Lipa - Levitating Featuring DaBaby (Official Music Video);https://www.youtube.com/watch?v=TUVcZfQe-Kw
Laurent Wolf - No Stress;https://www.youtube.com/watch?v=Up1MzGUhQG0
Luna Parker Tes √©tats d'√¢me Eric;https://www.youtube.com/watch?v=u6GMVk-R91I
Dua Lipa - IDGAF (Official Music Video);https://www.youtube.com/watch?v=Mgfe5tIwOj0
The Bangles - Manic Monday;https://www.youtube.com/watch?v=SsmVgoXDq2w
Alanis Morissette - Thank U (Official Video);https://www.youtube.com/watch?v=OOgpT5rEKIU
Purple Disco Machine, Sophie and the Giants - Hypnotized (Official Video);https://www.youtube.com/watch?v=UbYQErtM9Zk
Britney Spears - Everytime + Lyrics;https://www.youtube.com/watch?v=mUKQ00Xoc3o
Tina Turner - What's Love Got To Do With It (Lyrics);https://www.youtube.com/watch?v=mw78mrc6K5A
Travis - Sing (Official Music Video);https://www.youtube.com/watch?v=eYO1-gGWJyo
Chico Rose x 71 Digits ‚Äì Somebody‚Äôs Watching Me (Official Lyric Video);https://www.youtube.com/watch?v=krK5D9Vl5CI
James Morrison - Broken Strings ft. Nelly Furtado (Official Video);https://www.youtube.com/watch?v=26PAgklYYvo
ABC - The Look Of Love (Official Video);https://www.youtube.com/watch?v=cNEdxZURTaI
Daft Punk - Revolution 909 (Official Video);https://www.youtube.com/watch?v=uURB-vo9rZ4
Zero Assoluto - Per Dimenticare (Official Video);https://www.youtube.com/watch?v=6I_gY_fyY_8
Madonna - Live To Tell (Official Video);https://www.youtube.com/watch?v=IzAO9A9GjgI
Mariah Carey- Open Arms;https://www.youtube.com/watch?v=bMp-EEMFnmg
Uniting Nations - Out Of Touch (Official Music Video);https://www.youtube.com/watch?v=gBQHyomFYM4
Uniting Nations - You and Me (Official Music Video);https://www.youtube.com/watch?v=YGk86h7PEck
The Bucketheads - The Bomb [These Sounds Fall Into My Mind] (Official Video);https://www.youtube.com/watch?v=no1vf854aUc
Fragma with Damae - Time And Time Again (Original Video) #fragma #vocaltrance #2000s;https://www.youtube.com/watch?v=4jVTHpeo5Lc
Madonna - Frozen (Official Video) [HD];https://www.youtube.com/watch?v=XS088Opj9o0
Sheryl Crow - If It Makes You Happy (Official Video);https://www.youtube.com/watch?v=dyihQtBes1I
Dido - White Flag (Official Music Video);https://www.youtube.com/watch?v=j-fWDrZSiZs
Roxette - It Must Have Been Love (Official Music Video);https://www.youtube.com/watch?v=k2C5TjS2sh4
Imagine Dragons - On Top Of The World (Official Music Video);https://www.youtube.com/watch?v=w5tWYmIOWGk
Bruno Mars - Just The Way You Are (Official Music Video);https://www.youtube.com/watch?v=LjhCEhWiKXk
Train - Hey, Soul Sister (Official Video);https://www.youtube.com/watch?v=kVpv8-5XWOI
TOM FRAGER - Lady Melody (clip officiel);https://www.youtube.com/watch?v=VadTd3uYCg4
qui a le droit PATRICK BRUEL;https://www.youtube.com/watch?v=AWqkoj9MPMY
Axelle Red - Sensualit√© Paroles/Lyrics;https://www.youtube.com/watch?v=jLlmNbuzUUE
Ava Max - OMG What's Happening [Official Lyric Video];https://www.youtube.com/watch?v=hpTH2lM3WVU
Sara Bareilles - Love Song;https://www.youtube.com/watch?v=qi7Yh16dA0w
Alle Farben & ILIRA - Fading [Official Video];https://www.youtube.com/watch?v=cRy2qWpRJfc
CRISPIE x ILIRA - Ladida (My Heart Goes Boom) [Official Video];https://www.youtube.com/watch?v=n_FTuCckY34
David Guetta - Baby When The Light (Official Video);https://www.youtube.com/watch?v=uQFjavLR52Q
David Guetta - Titanium ft. Sia (Official Video);https://www.youtube.com/watch?v=JRfuAukYTKg
David Guetta & Chris Willis - Love Is Gone (Official Video);https://www.youtube.com/watch?v=beGjncfEPt8
The Mamas & The Papas - California Dreamin';https://www.youtube.com/watch?v=N-aK6JnyFmk
Sting - Russians (Official Music Video);https://www.youtube.com/watch?v=wHylQRVN2Qs
Royal Gigolos - California Dreamin (Official Video HQ);https://www.youtube.com/watch?v=buT2gdKx9Ms
Simple Plan - Summer Paradise ft. Sean Paul (Official Audio);https://www.youtube.com/watch?v=CwZ_bmNbdAw
Al Bano & Romina Power - Ci Sara;https://www.youtube.com/watch?v=f-LdY8rxckg
Tina Arena - Aller plus haut (Official Music Video);https://www.youtube.com/watch?v=l4n6x24RRM4
Amanda's Song (C.M. Version);https://www.youtube.com/watch?v=b6NwtXmbQpU
Ava Max - Who's Laughing Now [Official Music Video];https://www.youtube.com/watch?v=89S-RbszwJE
Dua Lipa - Break My Heart (Official Video);https://www.youtube.com/watch?v=Nj2U6rhnucI
Surf Mesa - ily (i love you baby) ft. Emilee;https://www.youtube.com/watch?v=89degLrNZM8
Ace of Base - All That She Wants (Official Music Video);https://www.youtube.com/watch?v=d73tiBBzvFM
Madcon - Beggin' you    lyrics  (original song);https://www.youtube.com/watch?v=Gg_3DCCF8MU
Village People - In the Navy OFFICIAL Music Video 1978;https://www.youtube.com/watch?v=InBXu-iY7cw
Bananarama - Megarama 89 (Megamix) (1989) (Audio);https://www.youtube.com/watch?v=LtDYey16XkI
Renato Zero - Viva la Rai [HQ];https://www.youtube.com/watch?v=dp_Ln80PNdI
Daniele Silvestri - Salir√≤ (videoclip);https://www.youtube.com/watch?v=SH_xyi_EdMc
Nek - Laura non c'e [LYRICS ON SCREEN];https://www.youtube.com/watch?v=IK0lFhdg3lo
Etienne Daho - Bleu comme toi (Clip officiel);https://www.youtube.com/watch?v=gSFnh8e5n10
Zazie - Rue de la paix;https://www.youtube.com/watch?v=xICWYCoZ7BQ
Sia - Together (Lyric Video);https://www.youtube.com/watch?v=8TMeJaJAC0I
Destin√©e - Guy Marchand;https://www.youtube.com/watch?v=ip5m8xUdbE8
Kylie Minogue - I Should Be So Lucky - Official Video;https://www.youtube.com/watch?v=3_TvpBwSZDM
Rino Gaetano - E io ci sto;https://www.youtube.com/watch?v=Rs1Bl0RMAzc
Deleted video;https://www.youtube.com/watch?v=JlQ2rDkZ85M
Etienne Daho - Duel au soleil;https://www.youtube.com/watch?v=_IRSPA25vCA
Alex Hepburn - Under [Official video];https://www.youtube.com/watch?v=Wq8BqYus40A
The Weeknd - In Your Eyes (Official Video);https://www.youtube.com/watch?v=dqRZDebPIGs
Tom Gregory - Fingertips (Official Video 4K);https://www.youtube.com/watch?v=KmDrdCKOp3k
Real McCoy - Another Night (Official Video);https://www.youtube.com/watch?v=Pav2f4b-1ZE
Mel & Kim - Respectable;https://www.youtube.com/watch?v=ykDsmAqExH8
Murray Head - One Night In Bangkok "From CHESS" (Official Video);https://www.youtube.com/watch?v=rgc_LRjlbTU
The Whispers - And The Beat Goes On (1979);https://www.youtube.com/watch?v=fOaxEa5ONJw
Sandra - Everlasting Love;https://www.youtube.com/watch?v=bqICGrdLGIc
Dua Lipa - Physical (Lyrics);https://www.youtube.com/watch?v=ZUau1RT8qbc
Helmut Fritz - √áa m'√©nerve 2020 (Official Music Video);https://www.youtube.com/watch?v=XSCN2F47RAA
Etienne Daho - Tomb√© pour la France (Clip officiel);https://www.youtube.com/watch?v=EqeJUGzvnq0
It's Only Mystery - Le Clip;https://www.youtube.com/watch?v=hvRrEzlfTWk
Sans Pr√©tention  Chante "Sans Pr√©tention";https://www.youtube.com/watch?v=qB8JT45mEjY
C'est L'amour  -  Leopold Nord Et Vous;https://www.youtube.com/watch?v=KVyZkQTx5xA
C√©line Dion - All By Myself (Official Remastered HD Video);https://www.youtube.com/watch?v=NGrLb6W5YOM
C√©line Dion - Pour que tu m'aimes encore (Clip officiel);https://www.youtube.com/watch?v=AzaTyxMduH4
Plain White T's - Hey There Delilah (Official Video);https://www.youtube.com/watch?v=h_m-BjrxmgI
Spiller - Groovejet (If This Ain't Love) (Official Video HQ);https://www.youtube.com/watch?v=syOK6zmpOe0
Myl√®ne Farmer - XXL;https://www.youtube.com/watch?v=kYRZxaC6psk
Histoire sans parole;https://www.youtube.com/watch?v=WbIVOTij8h4
Les Avions - Be Pop;https://www.youtube.com/watch?v=9_r_F9WvX4k
Ella Henderson - Ghost Lyrics;https://www.youtube.com/watch?v=t_k-vs5BxYk
Deleted video;https://www.youtube.com/watch?v=wU6g4wOoEMs
Jean-Jacques Goldman - On ira (Clip officiel);https://www.youtube.com/watch?v=flP-hF4O5ZM
Florent Pagny-N'importe quoi;https://www.youtube.com/watch?v=Ceh51L6uegk
Kim Wilde - You Came Lyrics;https://www.youtube.com/watch?v=Wguthl3bGmQ
Birdy - Skinny Love (LYRICS);https://www.youtube.com/watch?v=BdmKb9X60n4
BILLY OCEAN - Caribbean Queen With Lyrics;https://www.youtube.com/watch?v=gPfRuVjt0dM
Take Me To Church - Hozier (Lyrics) üéµ;https://www.youtube.com/watch?v=Td2bsJIaC5M
Gianna Nannini: Fotoromanza;https://www.youtube.com/watch?v=3UAyNUnpPnI
ascolta il tuo cuore_laura pausini(testo).wmv;https://www.youtube.com/watch?v=X37pptVwgz0
Elle attend - Jean Jacques Goldman;https://www.youtube.com/watch?v=LcScDOBid4E
Fine Young Cannibals - She Drives Me Crazy (Lyric Video);https://www.youtube.com/watch?v=J--Nq_zDDr8
I Just Died In Your Arms Tonight - Cutting Crew (Lyrics) [HD];https://www.youtube.com/watch?v=8ZIOkbrX_uU
The Boys Of Summer;https://www.youtube.com/watch?v=P8Jw5FbKbK0
Taylor Swift - We Are Never Ever Getting Back Together;https://www.youtube.com/watch?v=WA4iX5D9Z64
Jessie J - Domino (Official Video);https://www.youtube.com/watch?v=UJtB55MaoD0
Whitney Houston - Run To You;https://www.youtube.com/watch?v=4cUMqPgPf1U
Jean Jacques Goldman Je marche seul lyrics;https://www.youtube.com/watch?v=GJZpZ-JKtp8
Alice Cooper - Poison;https://www.youtube.com/watch?v=Qq4j1LtCdww
Elton John - I'm Still Standing;https://www.youtube.com/watch?v=ZHwVBirqD2s
Lyrics Midnight Oil, bed are burning;https://www.youtube.com/watch?v=7FNzvP6j5BA
Halo - Beyonc√© (Lyrics) üéµ;https://www.youtube.com/watch?v=yrJ7CVeiFvo
Strani amori -Laura Pausini lyrics;https://www.youtube.com/watch?v=3rROFLuAcpQ
Sash! feat. Stunt - Raindrops (Encore Une Fois) (Official Video);https://www.youtube.com/watch?v=8L6byFiTjfQ
Barry Moore - The Tide (Official Video);https://www.youtube.com/watch?v=K1cW0kR9o_Y
Daft Punk - Instant Crush (Video) ft. Julian Casablancas;https://www.youtube.com/watch?v=a5uQMwRMHcs
Marina Kaye - The Whole 9 [Parole];https://www.youtube.com/watch?v=uKGpHCNyy4A
Jean Jacques Goldman   Elle A Fait Un B√©b√© Toute Seule Paroles;https://www.youtube.com/watch?v=Lcbzw0UlKyc
Hey Jude - THE BEATLES (Lyrics);https://www.youtube.com/watch?v=7qMls5yxP1w
Nickelback- How you remind me- lyrics (HQ) (HD);https://www.youtube.com/watch?v=Ps-mZ5BQQDY
Lost Frequencies - Are You With Me (Official Music Video);https://www.youtube.com/watch?v=VjHMDlAPMUw
Only the VERY BEST - Peter Kingsbery - Lyrics Included;https://www.youtube.com/watch?v=KyunavoX-KY
[Paroles] C√©line Dion - Ziggy (c'est un gar√ßon pas comme les autres);https://www.youtube.com/watch?v=IFEi5vgE80M
Niagara - Je Dois M'En Aller;https://www.youtube.com/watch?v=lSQ-6xU8mPA
Vampire Weekend - A-Punk;https://www.youtube.com/watch?v=_XC2mqcMMGQ
Deleted video;https://www.youtube.com/watch?v=YCBi6w7RkXg
Adele - Someone Like You (Official Music Video);https://www.youtube.com/watch?v=hLQl3WQQoQ0
VIDEOCLUB - Enfance 80 (Clip Officiel);https://www.youtube.com/watch?v=yoWR-EfgvJ0
Gary Moore - Parisienne Walkways (Best Version);https://www.youtube.com/watch?v=98eIW6CN62k
"It's A Heartache" {w/lyrics};https://www.youtube.com/watch?v=i1pI9z8rJrY
Il Faudra Leur Dire - Francis Cabrel;https://www.youtube.com/watch?v=OKjqVmem5IE
Un, deux, trois;https://www.youtube.com/watch?v=YfOUAGy21Fg
Black - Wonderful Life (Official Video);https://www.youtube.com/watch?v=u1ZoHfJZACA
Shania Twain - That Don't Impress Me Much (Official Music Video);https://www.youtube.com/watch?v=mqFLXayD6e8
Eagles - Hotel California;https://www.youtube.com/watch?v=EqPtz5qN7HM
UB40 - Kingston Town;https://www.youtube.com/watch?v=9c4KAnQpdGw
Mariah Carey - Without You (With Lyrics);https://www.youtube.com/watch?v=J8vZUqxlW88
Walk Like An Egyptian - The Bangles (Lyrics);https://www.youtube.com/watch?v=gzeOWnnSNjg
Zoe Wees - Control (Lyric / Lyrics Video);https://www.youtube.com/watch?v=VghvmL0G144
ELEGANCE - Vacances j'oublie tout;https://www.youtube.com/watch?v=CstPu4ZSmvE
Dire Straits - Money For Nothing;https://www.youtube.com/watch?v=wTP2RUD_cL0
Sia - Unstoppable lyrics;https://www.youtube.com/watch?v=x1Vk7d509Rk
Louise Attaque - Les nuits parisiennes;https://www.youtube.com/watch?v=rJXoe1Mpk3I
Louise Attaque - J't'emm√®ne au vent (Clip Officiel remasteris√©);https://www.youtube.com/watch?v=BRTDC9Z5UdE
Roch Voisine & Coeur de pirate : H√©l√®ne ( paroles );https://www.youtube.com/watch?v=zTecitlAAx8
Roch Voisine   Helene  Lyrics;https://www.youtube.com/watch?v=Im7ZRr2eJ3A
Matt Simons - Open Up;https://www.youtube.com/watch?v=dvK9R8Kd-HI
Ava Max - Salt [Official Lyric Video];https://www.youtube.com/watch?v=PKWHYLtmAGA
Lionel Richie - All night long + lyrics;https://www.youtube.com/watch?v=vvKxqJQPyS8
Freya Ridings - Love Is Fire (Official Lyric Video);https://www.youtube.com/watch?v=EyCxdXF9ZR0
Kajagoogoo - Too Shy (Official Music Video);https://www.youtube.com/watch?v=rkpG4XApJ28
Bazzi feat. Camila Cabello - Beautiful [Official Music Video];https://www.youtube.com/watch?v=Uk1hv6h7O1Y
R.E.M. - Losing My Religion (Official Music Video);https://www.youtube.com/watch?v=xwtdhWltSIg
U2-I Still Haven't Found What I'm Looking For (Lyrics);https://www.youtube.com/watch?v=fmxOUIddBm0
BB BRUNES - Coups et Blessures [Clip Officiel];https://www.youtube.com/watch?v=mF5etHMRMMM
Kings Give Queens A Bad Name - Ava Max vs Bon Jovi (Mashup);https://www.youtube.com/watch?v=rAvmR2Yj2x0
Michael Zager Band - Let's All Chant (Official Music Video);https://www.youtube.com/watch?v=HEOFCTYmoSk
Ben Liebrand - Dance Classics - The Mix 1989;https://www.youtube.com/watch?v=QgevQF8m9Iw
Deleted video;https://www.youtube.com/watch?v=Z0hfQZKOnuE
Dolly Parton & Kenny Rogers - Islands in the Stream *LYRICS ON SCREEN*;https://www.youtube.com/watch?v=eI5EQUz1gCg
Nothing Compares to you by -Sinead O'Connor (Lyrics);https://www.youtube.com/watch?v=XrnTTuqwIC0
REM - Everybody Hurts Lyrics;https://www.youtube.com/watch?v=Y6yUY7M9yfw
Robin Schulz - In Your Eyes (Lyrics);https://www.youtube.com/watch?v=5Ex5mrhJsh8
Donna Lewis - I Love You Always Forever (Official Music Video);https://www.youtube.com/watch?v=SqdWTeXWvOg
Taylor Swift - Ours;https://www.youtube.com/watch?v=LZ34LlaIk88
The Story of Us - Taylor Swift;https://www.youtube.com/watch?v=I5kf-UzEGaw
Gianna Nannini -  I Maschi;https://www.youtube.com/watch?v=pOeSUjNagCU
L5-toute les femmes de ta vie parole;https://www.youtube.com/watch?v=ivRmwy3jvhc
Lio - Je Casse Tout Ce Que Je Touche 1987;https://www.youtube.com/watch?v=6r0ZgTtYt6A
Ava Max - Kings & Queens [Official Visualizer];https://www.youtube.com/watch?v=RNx5f0snpK8
Amy Macdonald - This Is The Life (Official Video);https://www.youtube.com/watch?v=iRYvuS9OxdA
Michael Bubl√© - Haven't Met You Yet [Official Music Video];https://www.youtube.com/watch?v=1AJmKkU5POA
Phil Collins - Can't stop loving you - Lyrics;https://www.youtube.com/watch?v=IMCfaUVV9_g
Faded vs. Closer (Mashup) - Alan Walker, The Chainsmokers & Halsey - earlvin14 (OFFICIAL);https://www.youtube.com/watch?v=ocFq770FhxQ
Deleted video;https://www.youtube.com/watch?v=otna9Pe3jWg
The Logical Song;https://www.youtube.com/watch?v=low6Coqrw9Y
Baltimora - Tarzan Boy;https://www.youtube.com/watch?v=--6CdAypJsQ
Jessie J - Price Tag ft. B.o.B;https://www.youtube.com/watch?v=qMxX-QOV9tI
Calogero - En Apesanteur (Clip Officiel);https://www.youtube.com/watch?v=jasIqn8IifQ
Etienne Daho - Week end √† Rome;https://www.youtube.com/watch?v=Ft2U58G5Szw
Coeur de pirate - Mistral Gagnant;https://www.youtube.com/watch?v=iRGGTaAhexc
I Want To Know What Love Is - Tina Arena;https://www.youtube.com/watch?v=HKTc3-UspF8
C≈ìur De Pirate - Comme Des Enfants;https://www.youtube.com/watch?v=U-fU_V7Boic
Diane Tell - Si J'√©tais Un Homme (Paroles);https://www.youtube.com/watch?v=3PlTlHjg_P4
Gr√©gory Lemarchal - Le Lien (Clip Officiel);https://www.youtube.com/watch?v=H9MHiutljWo
Renaud - Mistral Gagnant + Lyrics;https://www.youtube.com/watch?v=fDii-ThQkBk
Patrick Bruel - Casser la voix (Audio);https://www.youtube.com/watch?v=r-951A8fuoU
Gerard Lenorman Voici les cles;https://www.youtube.com/watch?v=5gYw7VHx4Ok
Gerard Lenorman - La ballade des gens heureux.;https://www.youtube.com/watch?v=viXb3ZDvwPw
Calogero - Face √† la mer (Clip Officiel) ft. Passi;https://www.youtube.com/watch?v=MFhKnRLEihE
Calogero portrait (paroles);https://www.youtube.com/watch?v=uzf7pri_Gpk
Marie-Paule Belle - La Parisienne;https://www.youtube.com/watch?v=MOTO_6vQLYc
Jean-Louis Aubert - Bien S√ªr (Clip officiel);https://www.youtube.com/watch?v=7Rtwgj3J-Bo
Aqua - Barbie Girl (Official Music Video);https://www.youtube.com/watch?v=ZyhrYis509A
Topic & A7S - Breaking Me (Lyrics);https://www.youtube.com/watch?v=_IWxwbyDIws
Freya Ridings - Castles (Lyrics);https://www.youtube.com/watch?v=fpZ-owoVQd0
Bon Jovi - You Give Love A Bad Name (Official Music Video);https://www.youtube.com/watch?v=KrZHPOeOxQQ
Bandolero - Paris Latino (1983);https://www.youtube.com/watch?v=ouC9r1rc5cY
The Michael Zager Band - Let's All Chant;https://www.youtube.com/watch?v=uKQqwxBdNYA
Have It All - Jason Mraz ÔºàLyrics);https://www.youtube.com/watch?v=6d2aWjgNiy0
The Clash - Should I Stay Or Should I Go  [ Lyrics ];https://www.youtube.com/watch?v=7r0iuoj-KNU
Kavinsky - Nightcall (Drive Original Movie Soundtrack) (Official Audio);https://www.youtube.com/watch?v=MV_3Dpw-BRY
Alannah Myles - Black Velvet (Official Video);https://www.youtube.com/watch?v=tT4d1LQy4es
Baby K - Voglio ballare con te (Lyric Video) ft. Andr√©s Dvicio;https://www.youtube.com/watch?v=kyDergZ4HXg
Kygo - Remind Me To Forget (Lyrics / Lyric Video) ft. Miguel;https://www.youtube.com/watch?v=0-CYcrmGBZU
Elsa & Glenn Medeiros- Un Roman d'Amiti√© (Clip Officiel);https://www.youtube.com/watch?v=jElpErva5WY
Jeanne Mas - Toute Premi√®re Fois [1984];https://www.youtube.com/watch?v=wMuOLH-oQKs
Le Cafe - Oldelaf | Future Shorts;https://www.youtube.com/watch?v=UGtKGX8B9hU
Eric Morena - Oh mon bateau - ClubMusic80s - clip officiel;https://www.youtube.com/watch?v=u6T4Id7UwVg
France Gall - Ella, elle l'a (Clip officiel);https://www.youtube.com/watch?v=lgHGU8gqz9U
Il suffira d'un signe - Jean Jaques Goldman;https://www.youtube.com/watch?v=PUxz221KcvA
Nea - Some Say (Lyrics);https://www.youtube.com/watch?v=w8AYmSdaQZI
Talk Talk - Such A Shame (Official Video);https://www.youtube.com/watch?v=lLdvpFIPReA
The Avener, Phoebe Killdeer - Fade Out Lines (Official Music Video);https://www.youtube.com/watch?v=hqwU7nv3hTM
Lewis Capaldi - Before You Go (Lyric Video);https://www.youtube.com/watch?v=QpljgJPFWl8
SHAED - Trampoline (Official Video);https://www.youtube.com/watch?v=4h26oYuE2h0
Robbie Williams | Love My Life (Official Lyrics Video);https://www.youtube.com/watch?v=v7YVEUhEW2w
Philipp Dittberner & Marv - So kann es weitergehen (offizielles Video);https://www.youtube.com/watch?v=ejvEL4actwg
Private video;https://www.youtube.com/watch?v=wh2P_dYVgUQ
[Paroles] Keedz Stand on the world;https://www.youtube.com/watch?v=vd0bq2AOBvY
Les vengeurs masqu√©s of Paris  "Les cr√™pes Suzette" | Archive INA;https://www.youtube.com/watch?v=QJHU8rnRn1Y
Niagara - L'Amour A La Plage;https://www.youtube.com/watch?v=WkPV51HtLfw
Italy | DJ Ruvido - Pesce Fresco;https://www.youtube.com/watch?v=zvf22nVAn64
Salvo Nicolosi - Dragostea din tei (ma che amore sei);https://www.youtube.com/watch?v=DB5cs0TGJiY
Show Me The Way;https://www.youtube.com/watch?v=PHzcROJ9yjM
Deleted video;https://www.youtube.com/watch?v=eL_Dkly0CBM
Nick Kamen - Each time you break my heart LYRICS ||Ohnonie (HQ);https://www.youtube.com/watch?v=cdXldS82abg
Enya - Only Time Lyrics;https://www.youtube.com/watch?v=upkYQqbrjSc
Guru Josh Project - Infinity 2008 (Klaas Vocal Edit) (Official Video HD);https://www.youtube.com/watch?v=dL3AiuTsbOU
ABBA Voulez Vous;https://www.youtube.com/watch?v=fwcgMVXuBJc
O-Zone Despre Tine;https://www.youtube.com/watch?v=hIjWoq9TMdo
Boris - T'es zinzin;https://www.youtube.com/watch?v=CB0vkJ_3iJU
DJ Xam & Boris - J'ai Mal A La T√™te !!! (Aspyryne Mix);https://www.youtube.com/watch?v=rKwPYEec_O0
Boris - Soir√©e Bistrot;https://www.youtube.com/watch?v=saqAvXPV5Rg
Boris - A toute berzingue !!! (Radio edit);https://www.youtube.com/watch?v=zpJSnQGtE_U
Snow-informer LYRICS;https://www.youtube.com/watch?v=g5_g6BI9WZ0
Boris - Miss camping (Course de tongues radio version);https://www.youtube.com/watch?v=wFuVGTKDPio
Post Malone - Circles (Lyrics);https://www.youtube.com/watch?v=0sca9FP6zl8
Lettre √† France;https://www.youtube.com/watch?v=T_3ruPIMyl0
Ava Max - Freaking Me Out (Lyrics);https://www.youtube.com/watch?v=876uXjoF6Fk
Alan Walker, Ava Max - Alone, Pt. II (Lyrics);https://www.youtube.com/watch?v=_FB6nO_qZQ4
Avicii - Heaven LYRICS;https://www.youtube.com/watch?v=QTXmwdxbfaE
GAMPER & DADONI - Gimme! Gimme! Gimme!;https://www.youtube.com/watch?v=OR5jsmDTUrc
Les Fatals Picards "√Ä la vie, √† l'Armor";https://www.youtube.com/watch?v=upQMjdj-jz8
GAMPER & DADONI - Bittersweet Symphony (feat. Emily Roberts);https://www.youtube.com/watch?v=ogWZ2y0z5_w
Ma meilleure amie-Parole;https://www.youtube.com/watch?v=jz0I6q0bAso
Les Fatals Picards - Au mariage de K√©vin et Ma soeur;https://www.youtube.com/watch?v=YUiE82joM-k
Les Fatals Picards feat Lio  -  Banana Split;https://www.youtube.com/watch?v=YsvXTHfAMFY
Fatal Picards- Seul et C√©libataire;https://www.youtube.com/watch?v=EQ9uCEQ9atE
Les Fatals Picards - Manouches;https://www.youtube.com/watch?v=iTdSJTd3lQs
la fran√ßaise des jeux des fatals picards;https://www.youtube.com/watch?v=lptSGAjeqVE
Daniel Powter - Bad Day (Lyrics);https://www.youtube.com/watch?v=-rYjfciwWGk
Maroon 5 - What Lovers Do ft. SZA (Official Music Video);https://www.youtube.com/watch?v=5Wiio4KoGe8
Max Boublil - Joyeux Noel !;https://www.youtube.com/watch?v=u6MFXem42-E
Pet Shop Boys - Always On My Mind;https://www.youtube.com/watch?v=wDe60CbIagg
Piste mal cach√©e 17;https://www.youtube.com/watch?v=8yKcKLa77Cw
Les Fatals Picards - La S√©curit√© de l'Emploi;https://www.youtube.com/watch?v=LZPT5_k5Al4
Sunrise Avenue - Hollywood Hills (official);https://www.youtube.com/watch?v=azPQZSlC2zk
Yazoo - Don't Go (1982).;https://www.youtube.com/watch?v=tLTGs4fqxBk
Riton x Oliver Heldens - Turn Me On ft. Vula;https://www.youtube.com/watch?v=cdNgo-E95f0
Dua Lipa - Don't Start Now (Lyrics);https://www.youtube.com/watch?v=f_qzIcl9Hh4
P!nk - Walk Me Home (Official Lyric Video);https://www.youtube.com/watch?v=LQMBlFSu2QU
Lenka - Everything At Once (Official Video);https://www.youtube.com/watch?v=eE9tV1WGTgE
Mecano Per Lei contro di Lei;https://www.youtube.com/watch?v=ideh9Sj7OQM
M√™me Si (What You're Made Of);https://www.youtube.com/watch?v=0IFuCRdVzH8
Texas - Summer Son (Lyrics);https://www.youtube.com/watch?v=V1-sBl3laKM
Partir un jour;https://www.youtube.com/watch?v=-adMrwyTJU0
Baila (Radio Edit);https://www.youtube.com/watch?v=zXN_3QSBf7w
P.Lion - Dreams (Official);https://www.youtube.com/watch?v=IAivhC9pAxs
Najoua Belyzel - Je ferme les yeux ( Clip Officiel );https://www.youtube.com/watch?v=Qw7tcjoGtQk
Najoua Belyzel - Gabriel (avec paroles);https://www.youtube.com/watch?v=VGDFzupGID8
SHAKA PONK - My name is Stain [OFFICIAL VIDEO];https://www.youtube.com/watch?v=EF2PGnZmXCI
Pony Pony Run Run- Hey You;https://www.youtube.com/watch?v=wBbn5_FuOx4
Superbus - Addictions;https://www.youtube.com/watch?v=eS-f2NkUCF4
Gr√©gory Lemarchal - SOS d'un terrien d√©tresse - Lyrics;https://www.youtube.com/watch?v=P-FxNhLsPuo
Et maintenant;https://www.youtube.com/watch?v=97sRs6kuyeI
cendrillon-T√©l√©phone;https://www.youtube.com/watch?v=jmvt4B8rK2U
Snow Patrol - Chasing Cars (lyrics);https://www.youtube.com/watch?v=XaKr98ktoxU
My Chemical Romance - Welcome to the black parade (lyrics);https://www.youtube.com/watch?v=TzhvJoVur68
Mecano - Une femme avec une femme;https://www.youtube.com/watch?v=PWsEuJSDHvs
Stephan Eicher - Pas d'amis comme toi (clip officiel);https://www.youtube.com/watch?v=UlDpkV-eK8g
Kim Carnes - Bette Davis Eyes - Lyrics - 1981;https://www.youtube.com/watch?v=2Wdu5FYGTRs
The Shorts - Comment √ßa va 1983;https://www.youtube.com/watch?v=HE3jRK__eFg
Superbus - Lola;https://www.youtube.com/watch?v=Rwbm281DTYc
Superbus - Butterfly;https://www.youtube.com/watch?v=CQPNj38WscM
Renan Luce - Les Voisines;https://www.youtube.com/watch?v=hSdpfzS_Y1g
Klaas - Our Own Way (Official Video);https://www.youtube.com/watch?v=GILPX4XTRTA
P. Lion - Happy Children (Lyrics on Screen);https://www.youtube.com/watch?v=AlrXWeDpxIA
Rick Astley Together Forever lyrics;https://www.youtube.com/watch?v=D8yvP8tp_JM
Remady P&R - No Superstar (Official Music Video);https://www.youtube.com/watch?v=UsyhCe0V9HM
What A Feeling   Irene Cara;https://www.youtube.com/watch?v=beF4Ywct-Uo
Deleted video;https://www.youtube.com/watch?v=bPaG6IX6-eo
Fragma - Memory;https://www.youtube.com/watch?v=uyEzeO98iPo
Its My Life-Dr.Alban (HQ Sound);https://www.youtube.com/watch?v=66GJQyCXXzM
I Just called to say I love you Stevie Wonder-lyrics-;https://www.youtube.com/watch?v=Hu8Uq1dDPVU
Sunrise Avenue - Lifesaver (Lyrics Video);https://www.youtube.com/watch?v=id6mv1abzxA
Masterboy - Feel The Heat Of The Night (Official Video);https://www.youtube.com/watch?v=IBnshjEceKA
E-Type - This Is The Way;https://www.youtube.com/watch?v=7w1HeDqYCU4
Ava Max - Torn [Official Lyric Video];https://www.youtube.com/watch?v=cPyQRtd7hNU
Fran√ßois Feldman, Joniece Jamison - Joue pas;https://www.youtube.com/watch?v=D3BfHES7wNA
Deleted video;https://www.youtube.com/watch?v=2bBUWEBoA30
Don't Talk Just Kiss;https://www.youtube.com/watch?v=T3SfPdn3MSE
Deleted video;https://www.youtube.com/watch?v=WVeqY9EbVGo
Another Night;https://www.youtube.com/watch?v=ykAl0aTYnVM
Addicted-Simple Plan Lyrics;https://www.youtube.com/watch?v=waRutEynXvc
Simple Plan - I‚Äôd Do Anything ft. Mark Hoppus (Lyrics);https://www.youtube.com/watch?v=0ImidAAOB4w
Welcome to my life-lyrics(Full song);https://www.youtube.com/watch?v=hBQvjtXR4qA
Simple Plan - Perfect lyrics;https://www.youtube.com/watch?v=8kFr7IJBmz0
Capital Cities - Safe And Sound (Official Music Video);https://www.youtube.com/watch?v=47dtFZ8CFo8
Daniel Balavoine - Tous les cris les SOS;https://www.youtube.com/watch?v=voIINSw_y9Y
Sum 41 - In Too Deep (Lyrics);https://www.youtube.com/watch?v=fpeudpjyWS8
LUM!X, Gabry Ponte - Monster (Robin Schulz Remix) [Official Music Video];https://www.youtube.com/watch?v=eOEsCf4OzO4
Stressed Out by twenty one pilots lyrics;https://www.youtube.com/watch?v=Rf4euAs7LY8
Twenty One Pilots - Ride Lyrics;https://www.youtube.com/watch?v=6Awpd10RNYk
Imagine Dragons - Monster (Lyrics);https://www.youtube.com/watch?v=hhSA9H9Iaqw
Pet Shop Boys - West End Girls (Official Video) [HD REMASTERED];https://www.youtube.com/watch?v=p3j2NYZ8FKs
Bronski Beat - Smalltown Boy (Official Video);https://www.youtube.com/watch?v=88sARuFu-tc
Double   The Captain Of Her Heart  with lyrics;https://www.youtube.com/watch?v=DmE-la99v20
Imagination - Just An Illusion;https://www.youtube.com/watch?v=TnfHdZrmMAw
Queen - Bohemian Rhapsody Lyrics;https://www.youtube.com/watch?v=h1ryiuVKxG4
Queen - A Kind Of Magic (Official Lyric Video);https://www.youtube.com/watch?v=4NUSAulJpN8
Unbreak my heart lyrics;https://www.youtube.com/watch?v=65CfnXUwv1o
MIchael Jackson & Paul McCartney Say Say Say Lyrics;https://www.youtube.com/watch?v=ibX2AGv10VY
Bl√ºmchen - Herz an Herz (Official Video);https://www.youtube.com/watch?v=eGUsqIPurNQ
Herbie Hancock - Rockit (Official Video);https://www.youtube.com/watch?v=GHhD4PD75zY
‚òÖ LYRICS | Kelly Clarkson - What Doesn't Kill You (Stronger) ‚òÖ;https://www.youtube.com/watch?v=Sg_1atgn4jk
En rouge et noir de jeanne mas avec paroles;https://www.youtube.com/watch?v=HxsCd9QddgU
j'ai encor√© r√™v√© d'elle;https://www.youtube.com/watch?v=r_ETEpuAYgo
Thierry Pastor - Coupe de Folie (tv melody);https://www.youtube.com/watch?v=8kNtnmaCOcs
Place des grand hommes;https://www.youtube.com/watch?v=PImVZvDr0ik
Simple Minds - Don't You (Forget About Me);https://www.youtube.com/watch?v=CdqoNKCCt7A
Kool & The Gang - Celebration (Official Music Video);https://www.youtube.com/watch?v=3GwjfUFyY6M
The Outfield - Your Love (Official HD Video);https://www.youtube.com/watch?v=4N1iwQxiHrs
Le temps des cath√©drales avec paroles;https://www.youtube.com/watch?v=USYsi3Tc7Bg
Hugues aufray - Santiano;https://www.youtube.com/watch?v=VQd1IOyhKS4
Imagine Dragons - Birds (Lyrics);https://www.youtube.com/watch?v=-R-N7YgAseA
TONES AND I - DANCE MONKEY (LYRIC VIDEO);https://www.youtube.com/watch?v=0Yy9YzdmTJA
Aliz√©e - Moi... Lolita (Clip Officiel HD);https://www.youtube.com/watch?v=QpbHdIrtpNo
Sam Smith - Stay With Me (Lyrics);https://www.youtube.com/watch?v=9Imk7kIpgos
i get weak by Belinda Carlisle;https://www.youtube.com/watch?v=oA5QHSCjGKI
Billy Joel Uptown Girl with Lyrics;https://www.youtube.com/watch?v=nEIcTstEmnQ
We Didn't Start the Fire;https://www.youtube.com/watch?v=dhqH4QpSgBI
Coldplay Mashup - Something Just For The Weekend;https://www.youtube.com/watch?v=KkBdsAySjSw
ATB - Ecstasy;https://www.youtube.com/watch?v=cnqXqPDThZg
Camila Cabello - Shameless;https://www.youtube.com/watch?v=Fp_P_e1cPOE
Everytime we touch lyrics;https://www.youtube.com/watch?v=-zuviud2HHQ
Patrick Swayze - She's like the wind (with lyrics);https://www.youtube.com/watch?v=_7cGNyiVMZw
SE√ëORITA in ITALIANO üáÆüáπ Shawn Mendes, Camila Cabello cover;https://www.youtube.com/watch?v=_PkJHANrgZI
Manau - La tribu de Dana (Clip Officiel remasteris√©);https://www.youtube.com/watch?v=80hMEKlLVgQ
Aventura - Obsession [HD 720p];https://www.youtube.com/watch?v=3Eul-QAtN6c
Gloria - Umberto Tozzi Italian Version Letra y Traduccion;https://www.youtube.com/watch?v=EjipDKCy_oo
Tu- Umberto Tozzi (con testo);https://www.youtube.com/watch?v=VIiwTipJXkw
Lio - Fallait Pas Commencer;https://www.youtube.com/watch?v=NdwGbB3ig3A
Thierry Hazard - Le jerk (Audio);https://www.youtube.com/watch?v=WUaeNidruxs
Dermot Kennedy | Power Over Me  (lyrics);https://www.youtube.com/watch?v=-bH7buXxxkI
BBE - 7 days and one week - Official Video (HQ);https://www.youtube.com/watch?v=lpkLcfbOra4
Taylor Swift - 22 (Lyrics);https://www.youtube.com/watch?v=UrOMWinnXz8
Nino Ferrer - Le sud Paroles;https://www.youtube.com/watch?v=k4poZAZPiiE
can't hold us Macklemore (no rap) lyrics;https://www.youtube.com/watch?v=zZGqjzU_ses
Christina Aguilera - Genie In A Bottle (Lyrics) HD;https://www.youtube.com/watch?v=WA-daItIjdQ
Sheryl Crow - All I Wanna Do (original music video);https://www.youtube.com/watch?v=hgmBaE1cqD4
East 17 - Stay Another Day (Official Video);https://www.youtube.com/watch?v=-wNhdjoF-6M
Ofenbach - Paradise (feat. Benjamin Ingrosso) (Official Video);https://www.youtube.com/watch?v=MTAMDZ0kii0
Matt Simons - We Can Do Better;https://www.youtube.com/watch?v=m-lSlJc_5NE
ATB - Don't Stop - HQ;https://www.youtube.com/watch?v=czAIiYL3ww4
I Give You My Heart;https://www.youtube.com/watch?v=GSdwijk5rLQ
Mr.President - Up 'n away;https://www.youtube.com/watch?v=bSP3HLWOalI
Jam & Spoon - Right in the night;https://www.youtube.com/watch?v=DfdkKYHlZp4
Bl√ºmchen - Heut ist mein Tag;https://www.youtube.com/watch?v=rMveZBfO8v0
ELI - CHANGE YOUR MIND (Official Audio);https://www.youtube.com/watch?v=jo2VzZzOryo
the FAIM - summer is a curse [ lyrics ];https://www.youtube.com/watch?v=ULdCG0prAmM
Blondie - Heart Of Glass (Official Music Video);https://www.youtube.com/watch?v=WGU_4-5RaxU
Les rois du monde lyrics Rom√©o et Juliette;https://www.youtube.com/watch?v=xAYO24aPGtQ
Tatoue-moi(paroles).;https://www.youtube.com/watch?v=t0m1JbHAm7s
Roger Glover & Guests - Love Is All (1974);https://www.youtube.com/watch?v=RW9OYsMn4ds
Basshunter - Dota;https://www.youtube.com/watch?v=G3jIu65Fgq4
Bob Sinclar - Love Generation (Official Video);https://www.youtube.com/watch?v=v0NSeysrDYw
Benassi Bros feat.Dhany - Hit My Heart [OFFICIAL VIDEO HD];https://www.youtube.com/watch?v=ZSM2naTDM5g
Benny Benassi - Make Me Feel;https://www.youtube.com/watch?v=EavLHRaN_ao
Tim Berg - Seek Bromance (Official Video HD);https://www.youtube.com/watch?v=Jrd25gjyDhE
Ed Sheeran & Justin Bieber - I Don't Care [Official Lyric Video];https://www.youtube.com/watch?v=CCSGelSCPGE
Deleted video;https://www.youtube.com/watch?v=dd9iUsrETAc
Laurent Wolf - No Stress;https://www.youtube.com/watch?v=bVRnMrl2oj8
Queen - We Are The Champions Lyrics;https://www.youtube.com/watch?v=O71fetlkCZo
Robin Schulz feat. Erika Sirola - Speechless (Lyrics);https://www.youtube.com/watch?v=tH5HAmyFFi4
Two Man Sound - Disco Samba (Original And Full Version);https://www.youtube.com/watch?v=-UVZm9azbgg
Kygo - Stargazing (feat. Justin Jesso);https://www.youtube.com/watch?v=7Le36EZ8aWs
Black Eyed Peas-Shut Up With lyrics.;https://www.youtube.com/watch?v=ZdlE2VBTAUA
Je fais de toi mon essentiel ‚Äî Emmanuel Moire ‚Äî Le Roi Soleil;https://www.youtube.com/watch?v=pWKy7dTeKng
C√©line Dion - Flying On My Own (Official Lyric Video);https://www.youtube.com/watch?v=Ts0d_me8JQs
Queen - Dont Stop Me Now (Lyrics).;https://www.youtube.com/watch?v=KKny_ia8Fvo
Queen - I Want to Break Free (Official Lyric Video);https://www.youtube.com/watch?v=WUOtCLOXgm8
Demis ROUSSO : Quand je t'aime;https://www.youtube.com/watch?v=l18ooFTmTHc
Deleted video;https://www.youtube.com/watch?v=R7Mu3Jh--28
Another One Bites The Dust - Queen (Lyrics);https://www.youtube.com/watch?v=jotlA1v8htQ
Le G√©ant de Papier Jean Jacques Lafon Paroles;https://www.youtube.com/watch?v=Vvty04zpzDI
Jennifer Lopez - Let's Get Loud, Lyrics In Video;https://www.youtube.com/watch?v=Pu1tIIdLYKE
The warrior;https://www.youtube.com/watch?v=J7lZxPezkag
Mozart l'Op√©ra Rock - L'assasymphonie avec paroles;https://www.youtube.com/watch?v=Jj9cuXQi6JA
Deleted video;https://www.youtube.com/watch?v=9yBSrShgC9o
Muse - Uprising (Lyrics);https://www.youtube.com/watch?v=lbrWcvXceGU
Alec Benjamin - Let Me Down Slowly (Lyrics);https://www.youtube.com/watch?v=jLNrvmXboj8
I'll stand by you-The pretenders lyrics;https://www.youtube.com/watch?v=FhFfEqpzHBg
Eric Carmen - Hungry Eyes (Video);https://www.youtube.com/watch?v=2ssCL292DQA
Madonna - Into The Groove (Official Video);https://www.youtube.com/watch?v=52iW3lcpK5M
Alanis Morissette - Ironic (Official 4K Music Video);https://www.youtube.com/watch?v=Jne9t8sHpUc
Starship - We Built This City (Official Music Video);https://www.youtube.com/watch?v=K1b8AhIsSYQ
Pet Shop Boys - It's A Sin (Official Video) [HD REMASTERED];https://www.youtube.com/watch?v=dRHetRTOD1Q
Billy Joel - We Didn't Start the Fire (Official Video);https://www.youtube.com/watch?v=eFTLKWw542g
Air Supply - Making love Out of nothing at all (video lyrics);https://www.youtube.com/watch?v=qEd6QUbK2Mw
Cyndi Lauper - True Colors (Official HD Video);https://www.youtube.com/watch?v=LPn0KFlbqX8
Tainted Love Soft Cell Lyrics;https://www.youtube.com/watch?v=CQ5_QxwFjNI
OMD - Enola Gay (OMD vs SASH! radio edit) - HQ;https://www.youtube.com/watch?v=VxteXXCMJsU
Resource Feat. Tina Cousins - Hymn;https://www.youtube.com/watch?v=zuv5LhTD07Q
Private video;https://www.youtube.com/watch?v=54n52zBb2gU
BAD LIAR in ITALIANO üáÆüáπ Imagine Dragons cover;https://www.youtube.com/watch?v=jWxrULXb2VI
ME! in ITALIANO üáÆüáπ Taylor Swift, Brendon Urie (Panic! At the disco) cover;https://www.youtube.com/watch?v=5ckYU1dSoUY
Ava Max - Not Your Barbie Girl [Official Audio];https://www.youtube.com/watch?v=dvLm14-zDM8
DJ BoBo & Sandra - SECRETS OF LOVE (Official Music Video);https://www.youtube.com/watch?v=-rGKIr7mIZE
Joan Jett I Love Rock n' Roll: Lyrics;https://www.youtube.com/watch?v=yFHg0uRAyVs
Hymn;https://www.youtube.com/watch?v=MFv9Odkp-0I
Mr. President - Coco Jambo (1920 x 1080p HD) videoclip;https://www.youtube.com/watch?v=m_-Qtz70_z4
ATB - What About Us (Official Video HQ);https://www.youtube.com/watch?v=Rv9hfuocvEI
Deleted video;https://www.youtube.com/watch?v=u3ltZmI5LQw
Rhythm is a dancer;https://www.youtube.com/watch?v=WMPM1q_Uyxc
Paradisio Ft Maria Garcia & Dj Patrick Samoy - Bailando - 1997 International Official Video;https://www.youtube.com/watch?v=xiWtqVtd1Oo
Suzanne Vega - Luka (Official Video);https://www.youtube.com/watch?v=VZt7J0iaUD0
The Human League - Don't You Want Me (Official Music Video);https://www.youtube.com/watch?v=uPudE8nDog0
Images - Les D√©mons de Minuit;https://www.youtube.com/watch?v=p_ZxDNZjzVk
Madonna - La Isla Bonita (Official Video);https://www.youtube.com/watch?v=zpzdgmqIHOQ
Stranglers - Always the Sun;https://www.youtube.com/watch?v=Um9kd-mhhK4
Bananarama - Cruel Summer (Lyrics);https://www.youtube.com/watch?v=tB8BmiGRk3U
Europe - The Final Countdown (Official Video);https://www.youtube.com/watch?v=9jK-NcRmVcw
Earth, Wind, & Fire - Let's Groove [LYRICS ON SCREEN];https://www.youtube.com/watch?v=wAMt_XPvoQY
INXS: Need You Tonight - Lyrics;https://www.youtube.com/watch?v=UT0WRvptyFA
Sixpence None The Richer- Kiss Me with lyrics;https://www.youtube.com/watch?v=pTLnlkrCK8c
Private video;https://www.youtube.com/watch?v=tHQhSfuswQ8
Private video;https://www.youtube.com/watch?v=pxldMN4E8j4
Spliff - Carbonara 1982;https://www.youtube.com/watch?v=cnKkBQ32bsw
"Happy Liar" - Mashup of Imagine Dragons/Marshmello/Bastille;https://www.youtube.com/watch?v=2PPuFoPwD0E
Depeche Mode - Enjoy The Silence [Reinterpreted By Mike Shinoda] (Official Video);https://www.youtube.com/watch?v=ofrB6OCSsgk
Taylor Swift - ME! (feat. Brendon Urie of Panic! At The Disco);https://www.youtube.com/watch?v=FuXNumBwDOM
GIRLS LIKE YOU x WOLVES (Mashup) - Maroon 5, Selena Gomez, Cardi B, Marshmello;https://www.youtube.com/watch?v=mTXa-NO5ZaI
Justin Jesso - Getting Closer (Official Audio);https://www.youtube.com/watch?v=Xdyy1mieALI
Lucky, Lucky, Lucky Me (1950) - Evelyn Knight and The Ray Charles Singers;https://www.youtube.com/watch?v=cgoZV2yRo54
NOTHING'S GONNA CHANGE MY LOVE FOR YOU (with lyrics) - GEORGE BENSON;https://www.youtube.com/watch?v=Tr97MQiqW38
Dj Antoine feat The Beat Shakers - Ma Cherie 2k12 (Official Video);https://www.youtube.com/watch?v=Fs_LmcMyH5o
Together Again;https://www.youtube.com/watch?v=CfHkDh4vXt0
The Calling - Wherever You Will Go (Traduzione Italiana By Rockslator);https://www.youtube.com/watch?v=bzq6e_V8nDk
Bon Jovi - It's My Life (Traduzione Italiana By Rockslator);https://www.youtube.com/watch?v=bzje7j33_Qk
Hoobastank - The Reason // CANTATA IN ITALIANO (BY Rockslator);https://www.youtube.com/watch?v=4pk9vSegr7o
Scorpions - Wind Of Change (Traduzione Italiana By Rockslator);https://www.youtube.com/watch?v=55l4ib3934k
Carl Brave - Fotografia ft. Francesca Michielin, Fabri Fibra (Testo);https://www.youtube.com/watch?v=gsFP6m2AvHI
Takagi & Ketra - La Luna e la Gatta ft. Tommaso Paradiso, Jovanotti, Calcutta;https://www.youtube.com/watch?v=UOGIB04HfVw
Original Sin - INXS (with on screen lyrics);https://www.youtube.com/watch?v=BLktKYWgNgQ
starship..NOTHING GONNA STOP US NOW  with lyrics;https://www.youtube.com/watch?v=zBbJeWGip2s
Private video;https://www.youtube.com/watch?v=FkoYAqAbOQo
Michael Schulte - Back to the Start (Lyrics);https://www.youtube.com/watch?v=SF8OalDtKnQ
Gauvain Sers - Les Oubli√©s (Lyrics);https://www.youtube.com/watch?v=r_PW-HZPIj8
Invisible Touch by Genesis (Lyrics);https://www.youtube.com/watch?v=k5tukApqmxQ
Scorpions - Wind of Change with lyrics;https://www.youtube.com/watch?v=ohOtDA3dTAA
Madonna Likea Virgin lyrics;https://www.youtube.com/watch?v=FnWua_Cniek
Les Forbans - Chante;https://www.youtube.com/watch?v=u0mDDJ4ixWg
De Temps en Temps.;https://www.youtube.com/watch?v=5wxU7iK92Xs
Gr√©gory Lemarchal chante "√©cris l'histoire";https://www.youtube.com/watch?v=e9SgcaY46P8
H√©l√®ne Segara - On n'oublie jamais rien, on vit avec Video + paroles;https://www.youtube.com/watch?v=6Pes0BQgQNY
Charly et Lulu, le feu √ßa br√ªle;https://www.youtube.com/watch?v=HSZ9W8v7y9I
C2C - Down the Road (Official);https://www.youtube.com/watch?v=k1uUIJPD0Nk
Edward Maya - Stereo Love (Audio);https://www.youtube.com/watch?v=sw5kcRjBkEY
Adele - Set fire to the rain Lyrics;https://www.youtube.com/watch?v=X9TnTlPLHc8
Ga√´tan Roussel - Help Myself (Nous ne Faisons Que Passer);https://www.youtube.com/watch?v=QAdr5j1ztNQ
N√¢diya - Tired of Being Sorry avec Enrique Iglesias (clip officiel);https://www.youtube.com/watch?v=unKAuwy2dWk
DJ BoBo - CHIHUAHUA (Official Music Video);https://www.youtube.com/watch?v=G7QME0bzZuA
Backstreet Boys_I Want It That Way_( Lyrics);https://www.youtube.com/watch?v=225K-LR62Ek
Ice MC - Think about the way;https://www.youtube.com/watch?v=NYIiXipgUc0
Saturday Night - Whigfield (Lyrics On Screen) HD;https://www.youtube.com/watch?v=3UXBPGRV-M8
Robin Schulz - Unforgettable (Lyrics Video);https://www.youtube.com/watch?v=fpCyz_CFb5M
Kim Wilde - "Cambodia" with lyrics;https://www.youtube.com/watch?v=DPEgGpNk0G8
CONFETTIS - C DAY;https://www.youtube.com/watch?v=kNdNpThyrWs
Scooter - Nessaja + Lyircs;https://www.youtube.com/watch?v=F2BQJpRXKWs
Mathou - You Never Walk Alone;https://www.youtube.com/watch?v=61oxHTBMX10
Adieu Monsieur le Professeur;https://www.youtube.com/watch?v=TyrZWgkL5Yo
Owl City - Fireflies (Lyrics);https://www.youtube.com/watch?v=ytBR7ET_6uU
So Am I - Ava Max (Lyrics);https://www.youtube.com/watch?v=ZS4Ikg7auWE
Colbie Caillat - Bubbly (Official Music Video);https://www.youtube.com/watch?v=AWGqoCNbsvM
Kelly Clarkson - Because Of You (VIDEO);https://www.youtube.com/watch?v=Ra-Om7UMSJc
Gwen Stefani - The Sweet Escape (Closed Captioned) ft. Akon;https://www.youtube.com/watch?v=O0lf_fE3HwA
Nelly Furtado - Say It Right (Official Music Video);https://www.youtube.com/watch?v=6JnGBs88sL0
Laura Pausini - Tra Te E Il Mare (lyrics. testo);https://www.youtube.com/watch?v=jNkstCgcVW0
Groove Coverage - Poison - With lyrics;https://www.youtube.com/watch?v=XzIivel0VPM
Groove Coverage - God Is A Girl lyrics;https://www.youtube.com/watch?v=8r7ttOYXK-A
GIGI D  AGOSTINO LA PASSION;https://www.youtube.com/watch?v=IJ_TLBMwIUQ
Deleted video;https://www.youtube.com/watch?v=WYZ8aJmI040
Lauren Daigle - You Say (Lyrics);https://www.youtube.com/watch?v=oZvKJl1kK8g
ABBA - The Winner Takes it All Lyrics;https://www.youtube.com/watch?v=tXFa7D41_ww
Alphaville - Forever Young lyrics;https://www.youtube.com/watch?v=RHIIATt0BaM
Sandra Maria Magdalena Lyrics;https://www.youtube.com/watch?v=QRipepuvBi0
keane - everybody changing with lyrics;https://www.youtube.com/watch?v=TPXUbOumZGg
ItaloBrothers - This Is Nightlife (Official Video);https://www.youtube.com/watch?v=YpJ1-T9ygqk
ItaloBrothers - Sleep When We're Dead (Official Video);https://www.youtube.com/watch?v=6MReeYAcEUM
Gigi D'Agostino - Silence ( Official Video );https://www.youtube.com/watch?v=d4Uj96RBprE
Gigi D'Agostino - Another Way ( Official Video );https://www.youtube.com/watch?v=0SdqOC8NA7s
Faded vs. Closer (Mashup) - Alan Walker, The Chainsmokers & Halsey (By Earlvin14);https://www.youtube.com/watch?v=mlmpVkhV0X4
twenty one pilots ~ Chlorine (Lyrics);https://www.youtube.com/watch?v=bJzPuOmAwNw
Deleted video;https://www.youtube.com/watch?v=CrI2fFmnjbs
Silver Pozzoli - Around My Dream (Original Version);https://www.youtube.com/watch?v=ES_8VYD9KhU
Deleted video;https://www.youtube.com/watch?v=ErsqgI5Aavk
Kyo Le Graal lyrics;https://www.youtube.com/watch?v=6rAUCfPoMZ8
Elisa Tovati ft. Tom Dice - Il nous faut with Lyrics;https://www.youtube.com/watch?v=m5wAoGcjCn8
Imagine Dragons - Bad Liar (Lyrics);https://www.youtube.com/watch?v=NQAYb9ok4s0
Touch Me lyrics;https://www.youtube.com/watch?v=PxKtm4bxvhg
Laura Branigan - Self Control.mp4;https://www.youtube.com/watch?v=1nw-V5eEeAk
Aloe Blacc - Wake me Up (Lyrics) Solo Version;https://www.youtube.com/watch?v=tT5v-waC-Ms
Rod Stewart - Baby Jane (Lyrics);https://www.youtube.com/watch?v=TVWNiw6AoNE
Depeche Mode - Just Can't Get Enough (Lyrics);https://www.youtube.com/watch?v=Zf_pChCJoZ8
englishman in New York- The Sting with lyrics.wmv;https://www.youtube.com/watch?v=reghyn9fmJQ
Rick Astley - Never Gonna Give You Up (Lyrics);https://www.youtube.com/watch?v=GSmG20dZNNU
Sar√† perch√® ti amo - Ricchi e poveri - testo;https://www.youtube.com/watch?v=YwhkbOMVnMQ
M√•ns Zelmerl√∂w - Should've Gone Home (paroles);https://www.youtube.com/watch?v=gZlJqDtQB2g
Fuck You - Lily Allen (Lyrics);https://www.youtube.com/watch?v=OK4fJhbRL1g
Lilly Allen - 22;https://www.youtube.com/watch?v=4uRC4UGpgGI
The Prince Karma - Later Bitches (Official Lyrics Video);https://www.youtube.com/watch?v=nAYkXB5yoiw
The Chainsmokers - Closer (Lyrics)(ft. Halsey);https://www.youtube.com/watch?v=lhVc2ATNkK8
Don't Let Me Down- The Chainsmokers ft. Daya Lyrics;https://www.youtube.com/watch?v=l-gSWc7TlRA
George Michael, Elton John - Don't Let The Sun Go Down On Me (Live);https://www.youtube.com/watch?v=RsKqMNDoR4o
Deleted video;https://www.youtube.com/watch?v=vKGY_-eo4KI
Mark Forster, Au revoir, lyrics;https://www.youtube.com/watch?v=UmpSR1PUJ6I
Mambo number 5 - Lou Bega - Lyrics;https://www.youtube.com/watch?v=bu7h_md33So
Give Your Heart a Break - Demi Lovato lyrics;https://www.youtube.com/watch?v=SX7Y6RSes6Y
Shania Twain - Ka-ching lyrics;https://www.youtube.com/watch?v=DQKuFDL-kos
Elsa - T'en Va Pas (Clip Officiel);https://www.youtube.com/watch?v=TeaKAB-IxOE
Ricky Martin - Mar√≠a Un, Dos, Tres Lyrics/Letras;https://www.youtube.com/watch?v=YS3hbkyUNp8
Alexandra Stan - Mr. Saxobeat (Lyrics Video);https://www.youtube.com/watch?v=VHmojacY5YE
high hopes - panic! at the disco (lyrics);https://www.youtube.com/watch?v=kILnd32F5LI
Simple Plan feat. Marie-Mai - Jet Lag (Lyrics);https://www.youtube.com/watch?v=HEyelVEeYPA
Les Inconnus - Florent Brunel.wmv;https://www.youtube.com/watch?v=A1kX9Xodiws
What does the fox say     Ylvis   Lyrics;https://www.youtube.com/watch?v=4RFSymw6ZrU
Corynne Charby - Boule de Flipper;https://www.youtube.com/watch?v=mBiTrNzJ7DE
A Groovy kind of Love - Phil Collins;https://www.youtube.com/watch?v=cWy6yjjMKk0
Imagine Dragons - Natural (Lyrics);https://www.youtube.com/watch?v=V5M2WZiAy6k
Stephan Eicher - Combien de temps (clip officiel);https://www.youtube.com/watch?v=O1KpqtQiaSA
Clare Maguire - "Elizabeth Taylor" [Official Video];https://www.youtube.com/watch?v=Z0qi2anlUrg
Ava Max - Sweet but Psycho (Lyrics);https://www.youtube.com/watch?v=Ot_sMK4rVqs
"Counting Stars" - One Republic - w/ Chrissy & Alex Goot;https://www.youtube.com/watch?v=vbYB4rddM-8
Comme un ouragan - St√©phanie di Monaco;https://www.youtube.com/watch?v=NB0wtRNqIzM
Dimitri Vegas & Like Mike vs KSHMR - OPA (Official Music Video);https://www.youtube.com/watch?v=WEFxFDMuIZo
The Connells - '74-'75 // cantata in italiano Traduzione (By Rockslator);https://www.youtube.com/watch?v=0NYQ9E3A77Y
Julia Michaels - Issues (Lyrics);https://www.youtube.com/watch?v=o5EN5BtmeGk
Mike Perry - The Ocean (ft. Shy Martin) [Lyrics CC];https://www.youtube.com/watch?v=mGQFZxIuURE
Tatoue moi - avec paroles;https://www.youtube.com/watch?v=gG-LCY7YfsE
Armin van Buuren - Blah Blah Blah (Official Lyric Video);https://www.youtube.com/watch?v=mfJhMfOPWdE
Alestorm   1741 the battle of cartagena;https://www.youtube.com/watch?v=tv6ySRXFSUA
Martin Garrix & MOTi - Virus (How About Now) [Original Mix];https://www.youtube.com/watch?v=iXIDtf1wP0g
Modern Talking - Cheri Cheri Lady (Official Music Video);https://www.youtube.com/watch?v=eNvUS-6PTbs
Modjo - Lady (Hear Me Tonight) (Official Video);https://www.youtube.com/watch?v=mMfxI3r_LyA
Calvin Harris & Disciples - How Deep Is Your Love;https://www.youtube.com/watch?v=EgqUJOudrcM
Malbrough s'en va-t-en guerre;https://www.youtube.com/watch?v=DEHJLd8QRz8
David Guetta - Say My Name (Lyrics) ft. Bebe Rexha, J Balvin;https://www.youtube.com/watch?v=ejE-4uaE3GA
Deleted video;https://www.youtube.com/watch?v=7zivFnWrtyE
REO Speedwagon - Can't fight this feeling (lyrics);https://www.youtube.com/watch?v=jmo36gnUCWE
Lenvie daimer Daniel Levi avec paroles;https://www.youtube.com/watch?v=TluS61j1SbY
Deleted video;https://www.youtube.com/watch?v=Nam-JCudRfw
DJ BoBo - Love Is All Around (Official Audio);https://www.youtube.com/watch?v=Fyw9Xz7RGPs
DJ BoBo - Let The Dream Come True (Official Audio);https://www.youtube.com/watch?v=YBt16m5gczA
Vanessa Carlton ~ A Thousand Miles - With Lyrics;https://www.youtube.com/watch?v=Sg0CeRog-yQ
Deleted video;https://www.youtube.com/watch?v=orAebX4LGH0
Zedd, Elley Duh√© - Happy Now (Lyrics);https://www.youtube.com/watch?v=g-tNJrAgP54
Avril Lavigne - Head Above Water (Lyrics);https://www.youtube.com/watch?v=uAbxrtKOr_Q
Michael Patrick Kelly - Roundabouts (Official Video);https://www.youtube.com/watch?v=o3PGTfqKUuM
Alphaville - Big In Japan [LYRICS];https://www.youtube.com/watch?v=vgdBhTl44Yc
Emeli Sand√© - Read all about it Lyrics;https://www.youtube.com/watch?v=LNGEsU-BbHc
The Police - Every Breath You Take // Traduzione (By Rockslator);https://www.youtube.com/watch?v=v9Mxr74L7TM
F.R. David - Words don't come easy - High Quality Official Music Video;https://www.youtube.com/watch?v=PTsSk0r_Tq8
Girls Like You (Italian Version);https://www.youtube.com/watch?v=iJsrefCzBqc
Dynoro, Gigi D'Agostino - In My Mind (Official Audio);https://www.youtube.com/watch?v=q0pdLCQy8l8
99 LUFTBALLONS Lyrics- Nena;https://www.youtube.com/watch?v=ZLIn0JNC57c
Whitney Houston - I Have Nothing (Official HD Video);https://www.youtube.com/watch?v=FxYw0XPEoKE
Masterboy - Is This The Love (Official Video);https://www.youtube.com/watch?v=wjxW33FzYN4
5 Seconds Of Summer - Youngblood (Lyrics / Lyric Video);https://www.youtube.com/watch?v=fpap3RTKjS8
LYRICS - Calvin Harris ft. John Newman - Blame [HD];https://www.youtube.com/watch?v=4dQ4kaAW6gE
LSD - Thunderclouds (Lyrics) ft. Sia, Diplo, Labrinth;https://www.youtube.com/watch?v=pWQF-ETjzx8
Felix Jaehn | Hot2touch | Songtext | Lyric;https://www.youtube.com/watch?v=r_jIDdhekJc
If I were sorry - Frans WITH LYRICS;https://www.youtube.com/watch?v=34Jek-r2G-Q
Hanson - Mmmbop (Lyrics);https://www.youtube.com/watch?v=N53-LxbIizA
Discobitch - C'est Beau La Bourgeoisie;https://www.youtube.com/watch?v=QKVQ2r-_zQk
Maniac-Michael Sembello;https://www.youtube.com/watch?v=TGIzAIpfaHY
Pink Floyd - Another Brick In The Wall, Part Two (Official Music Video);https://www.youtube.com/watch?v=HrxX9TBj2zY
Pink Floyd - Another Brick In The Wall (HQ);https://www.youtube.com/watch?v=YR5ApYxkU-U
Toto - Hold the line [With Lyrics];https://www.youtube.com/watch?v=hU0-fb6OgyA
Liquido - Narcotic (lyrics + √úbersetzung);https://www.youtube.com/watch?v=QgTlyAHp9h8
DIVA FAUNE FT. LEA PACI - GET UP  (Lyrics) (Letra en Espa√±ol) (Paroles);https://www.youtube.com/watch?v=8obvRNdsEvQ
Closer - The Chainsmokers ft. Halsey (Lyrics);https://www.youtube.com/watch?v=_bmHvLjsqp8
Basshunter - Boten Anna (HQ);https://www.youtube.com/watch?v=Y7EQaNlsEFs
Basshunter - Angel In The Night (Official Video);https://www.youtube.com/watch?v=DC9Ar8gYNa4
Basshunter - All I Ever Wanted (OFFICIAL VIDEO) (Ultra Music);https://www.youtube.com/watch?v=P3CxhBIrBho
Basshunter : Now You're Gone;https://www.youtube.com/watch?v=IgFwiCApH7E
Daddy DJ - The Girl In Red (Official Video);https://www.youtube.com/watch?v=mlvWvYYQu6c
Daddy DJ - Daddy DJ (2000);https://www.youtube.com/watch?v=82NgXsZwv74
Scatman's World;https://www.youtube.com/watch?v=7neipvZ_H0c
Rhythm Is a Dancer;https://www.youtube.com/watch?v=NPBAVqqD5xQ
Meat Loaf I Would Do Anything For Love Lyrics;https://www.youtube.com/watch?v=srEe6K34DVo
Visage - Fade to grey (lyrics);https://www.youtube.com/watch?v=RMHsh0WBdb8
Alle Farben (feat. Kelvin Jones & Younotus) - Only Thing We Know;https://www.youtube.com/watch?v=B6SS6JeOTyU
Private video;https://www.youtube.com/watch?v=90uzNdQ55q4
Elaiza - Is It Right (lyrics);https://www.youtube.com/watch?v=J5skFIXL4C4
Owl City - Good Time ft. Carly Rae Jepsen LYRICS;https://www.youtube.com/watch?v=x0XcOLuGkik
Jonas Blue - Rise (Lyrics) ft. Jack & Jack;https://www.youtube.com/watch?v=CEG4xZUP2qo
i wanna dance with somebody whitney Houston;https://www.youtube.com/watch?v=caTGU4jS5LM
Billy Ocean - Get Out of My Dreams (Lyrics);https://www.youtube.com/watch?v=7Hb-3Zjnwuk
WES - ALANE ( lyrics );https://www.youtube.com/watch?v=3-2NLQwuGOU
Tubthumping (I Get Knocked Down) ~ Chumbawamba *Lyrics*;https://www.youtube.com/watch?v=rYGLrJhhbqM
Rudimental - These Days (Lyrics) Ft. Jess Glynne, Macklemore & Dan Caplen;https://www.youtube.com/watch?v=UlXPdOuNU3Q
la bouche   be my lover lyrics;https://www.youtube.com/watch?v=yJ_Mi8j-P7A
Where Do You Go No Mercy Lyrics;https://www.youtube.com/watch?v=CrjtY9rMfwA
2 Unlimited - Get Ready For This;https://www.youtube.com/watch?v=7zq99TF0BnM
Calvin Harris, Sam Smith - Promises (Official Lyric Video);https://www.youtube.com/watch?v=dTQMd2I3drE
Nightcrawlers - Push The Feeling On Lyrics;https://www.youtube.com/watch?v=F6Zfw9EFu0g
Deleted video;https://www.youtube.com/watch?v=cH-WX4Z0Q80
The Bangles - Eternal Flame;https://www.youtube.com/watch?v=PSoOFn3wQV4
Men At Work - Down Under (Video);https://www.youtube.com/watch?v=XfR9iY5y94s
Calvin Harris -Summer (Lyrics Video);https://www.youtube.com/watch?v=yAn_gqHAGkA
Kernkraft 400 - by Zombie Nation;https://www.youtube.com/watch?v=hKfR_yQ6eII
Ace of Base - Beautiful Life (Official Music Video);https://www.youtube.com/watch?v=wh-07BzfgYY
Anne-Marie - 2002 [Official Video];https://www.youtube.com/watch?v=Il-an3K9pjg
Jain - Alright (Lyrics Video);https://www.youtube.com/watch?v=tbT190RkOA0
Gigi D'Agostino Bla Bla Bla;https://www.youtube.com/watch?v=Hrph2EW9VjY
Gigi D'Agostino - The Riddle;https://www.youtube.com/watch?v=cvvd-9azD1M
Scooter - The Sound Above My Hair (Official Video HD);https://www.youtube.com/watch?v=3W47NAhGME4
Scooter - Jumping All Over the World (Official Video);https://www.youtube.com/watch?v=AzplOkW3-p4
Scooter - The Logical Song (Official Video);https://www.youtube.com/watch?v=4YxTa1AUqps
Heaven by DJ Sammy (with lyrics);https://www.youtube.com/watch?v=iz_AfYe5JME
(Lyrics) Alice Deejay - Better Off Alone;https://www.youtube.com/watch?v=RGIvLXwQaq4
Lena Meyer Landrut - Wild & Free Lyrics;https://www.youtube.com/watch?v=0J_ygAPBbko
L'aziza daniel balavoine;https://www.youtube.com/watch?v=cSuKVM9rSzE
Take That-The Flood-Lyrics;https://www.youtube.com/watch?v=ro0ZDtdpH7k
David Guetta, Anne-Marie - Don't Leave Me Alone (Lyrics);https://www.youtube.com/watch?v=wm7720Lrro4
Alesso (We could be) - Heroes | Lyrics;https://www.youtube.com/watch?v=fVEo74CwiG4
I'm Yours  - Jason Mraz (Lyrics included);https://www.youtube.com/watch?v=RILP53OR63k
Roxette - Joyride lyrics;https://www.youtube.com/watch?v=1mxlgapCFKk
D.H.T. - Listen To Your Heart (Official Video HD);https://www.youtube.com/watch?v=C4HJ0zfZ-EM
Alice Cooper - Poison + text;https://www.youtube.com/watch?v=RViRl2vjEmc
Robbie Williams- Feel (lyrics);https://www.youtube.com/watch?v=p9M0VWyfDx0
No Doubt - Don't Speak Lyrics;https://www.youtube.com/watch?v=ONg4SK39-Kg
LIONEL RICHIE - HELLO LYRICS;https://www.youtube.com/watch?v=62XB9IbMnxQ
Mr. Mister - Broken Wings;https://www.youtube.com/watch?v=nKhN1t_7PEY
The Fray - How to save a life (lyrics);https://www.youtube.com/watch?v=DF0zefuJ4Ys
Taylor Swift - I Knew You Were Trouble Lyrics (HD);https://www.youtube.com/watch?v=qUn1tzyTYeo
Hoobastank - The Reason (Official Music Video);https://www.youtube.com/watch?v=fV4DiAyExN0
Orchestral Manoeuvres In The Dark - Enola Gay (Official Music Video);https://www.youtube.com/watch?v=d5XJ2GiR6Bo
Berlin - Take My Breath Away (Official Video);https://www.youtube.com/watch?v=Bx51eegLTY8
Spandau Ballet - True (HD Remastered);https://www.youtube.com/watch?v=AR8D2yqgQ1U
Crowded House - Don't Dream It's Over (Official Music Video);https://www.youtube.com/watch?v=J9gKyRmic20
Laura Pausini -Strani amori lyrics con testo, made by fedcalmus;https://www.youtube.com/watch?v=mKJwmZQYznY
Everybody Wants To Rule The World - Tears For Fears W/Lyrics;https://www.youtube.com/watch?v=R-O3kYrDPbI
Tears For Fears - Shout (Official Music Video);https://www.youtube.com/watch?v=Ye7FKc1JQe4
Ricchi e Poveri - M'Innamoro di te (Lyrics) HQ üíñ;https://www.youtube.com/watch?v=aNhEpRcGWFE
Private video;https://www.youtube.com/watch?v=0E4PWHTS4BA
El Mismo Sol - Alvaro Soler LYRICS Official;https://www.youtube.com/watch?v=tiVG-8aZTVI
Alvaro Soler - Sofia [Testo e Traduzione] [Lyrics] [Canzone Originale];https://www.youtube.com/watch?v=oxEh4_OiNOs
LSD - Audio (Lyrics) ft. Sia, Diplo, Labrinth;https://www.youtube.com/watch?v=AebsJPV2ZYM
Chris De Burgh - High On Emotion;https://www.youtube.com/watch?v=oKgHHPlKTdk
Deleted video;https://www.youtube.com/watch?v=Ps36cpj4YLI
tu vincerai (with lyrics) - Pupo;https://www.youtube.com/watch?v=QRu70NxSL0o
Eros Ramazzotti - Pi√π Bella Cosa (Official Video);https://www.youtube.com/watch?v=eTOKcxIujgE
Maroon 5 - Girls Like You (Lyrics) ft. Cardi B;https://www.youtube.com/watch?v=QCQR7eyaiJM
Requiem For A Dream (Piano) - DMT - FREE SCORES AVAILABLE! - advanced;https://www.youtube.com/watch?v=sjNdvFlCUWQ
Van Halen - Jump;https://www.youtube.com/watch?v=S7q_12tYZdA
Benassi Bros Feat. Dhany - Every Single Day [Official Video HD];https://www.youtube.com/watch?v=-ue-vxgDTPk
L'italiano ( l asciatemi cantare  ) Toto Cotugno - lyrics;https://www.youtube.com/watch?v=DlOO-EkdTCM
la solitudine - laura pausini;https://www.youtube.com/watch?v=B5Ouhzax96M
Clean Bandit, Demi Lovato - Solo (Lyrics);https://www.youtube.com/watch?v=vK_hFfd2__w
Est ce que tu viens pour les vacances - David et Jonathan;https://www.youtube.com/watch?v=m0MgGUnLsdo
Je m'appelle Henri de Daniel Balavoine avec les paroles;https://www.youtube.com/watch?v=sZbSkYNeYPo
Al Bano & Romina Power   Sempre, Sempre 1992;https://www.youtube.com/watch?v=QGYH7ZjTAG0
Tina Turner & Eros Ramazzotti - Cose Della Vita - Live Munich 1998 (HD 720p);https://www.youtube.com/watch?v=ko7qunEkmzE
Les Avions - Nuit Sauvage;https://www.youtube.com/watch?v=7F1Midn-H0s
Juanes La Camisa Negra  Lyrics .wmv;https://www.youtube.com/watch?v=kvEvATBiQ5U
Las Ketchup-Asereje (Letra);https://www.youtube.com/watch?v=2NXnE6CWYrk
bo le lavabo;https://www.youtube.com/watch?v=mKSk-3yiVx0
Green Day - 21 Guns Lyrics HQ;https://www.youtube.com/watch?v=GAzzH9AiH_M
Supertramp - It's Raining Again;https://www.youtube.com/watch?v=YZUE4_PtOk0
Wham! - Last Christmas (Official Video);https://www.youtube.com/watch?v=E8gmARGvPlI
GALA - Freed from desire [Official Video];https://www.youtube.com/watch?v=p3l7fgvrEKM
The Verve - Bitter Sweet Symphony (Official Music Video);https://www.youtube.com/watch?v=1lyu1KKwC74
I Want to know what love is - Foreigner;https://www.youtube.com/watch?v=loWXMtjUZWM
Opus - Live is Life;https://www.youtube.com/watch?v=ykHmKgZJfRg
Modern Talking - Brother Louie (Official Music Video);https://www.youtube.com/watch?v=Lp2qcCrdBLA
Anna Naklab feat. Alle Farben & YOUNOTUS - Supergirl LYRICS HD;https://www.youtube.com/watch?v=ojrx_tZiHds
Bad Wolves - Zombie (Official Video);https://www.youtube.com/watch?v=9XaS93WMRQQ
Rebel feat Sidney Housen - Black Pearl (He's A Pirate) [Official Video];https://www.youtube.com/watch?v=SfUC_4LmaIc
Eros Ramazzotti Se Bastasse Una Canzone;https://www.youtube.com/watch?v=bTo1SN3CEPs
Gauvain Sers - Pourvu (Clip Officiel);https://www.youtube.com/watch?v=AiIktOL8lwA
Scorpions - Still Loving You ( lyrics );https://www.youtube.com/watch?v=EYyarcp5LtU
Culture Club - Karma Chamelion(lyrics);https://www.youtube.com/watch?v=3kPi0JqvRRs
time after time (lyrics) by cyndi lauper ft. sarah mclachlan;https://www.youtube.com/watch?v=JZwwT2gXBVY
M√ò - Final Song (Lyrics);https://www.youtube.com/watch?v=o29ttjgf2Gs
Roxette - Listen To Your Heart (lyrics);https://www.youtube.com/watch?v=01VrpOfPdw4
Belinda Carlisle - Heaven Is a Place on Earth Lyrics;https://www.youtube.com/watch?v=05V4CgSL0lw
John Parr - St Elmo's Fire  (Man In Motion);https://www.youtube.com/watch?v=EOvMpND2OZY
Camila Cabello - Never Be the Same;https://www.youtube.com/watch?v=Ph54wQG8ynk
Im a barbie girl lyrics;https://www.youtube.com/watch?v=uB__Htchusw
Mission Impossible Theme(full theme);https://www.youtube.com/watch?v=XAYhNHhxN0A
L'√Æle aux enfants (Officiel);https://www.youtube.com/watch?v=2yovYIJd_NE
generique le monde fou de tex avery;https://www.youtube.com/watch?v=hvQ_U_8KEnE
ROBERT MILES - Fable;https://www.youtube.com/watch?v=LhqOt3CSngk
Anastacia - I'm outta love Lyrics;https://www.youtube.com/watch?v=FwTmoxUI0uY
Musique du g√©n√©rique Les Feux de l'amour (Pour Scorebob);https://www.youtube.com/watch?v=FOblGRhe7Jk
Robert Miles - One and One;https://www.youtube.com/watch?v=GENTAFIrC6o
Sash! - La Primavera (Official Video);https://www.youtube.com/watch?v=G1FGLge7cyc
Sash! feat. La Trec - Stay (Official Video);https://www.youtube.com/watch?v=nrwi79HxaOw
Sash!  - Ecuador (Official Video);https://www.youtube.com/watch?v=9cQlVww0zKo
Sash! - Ganbareh (Official Video);https://www.youtube.com/watch?v=dGlmia84Lac
The Police - Every Breath You Take (With Lyrics);https://www.youtube.com/watch?v=TH_YbBHVF4g
Selena Gomez, Marshmello - Wolves (Lyrics);https://www.youtube.com/watch?v=xrbY9gDVms0
Lost Frequencies feat. Janieck Devy - Reality (Official Music Video);https://www.youtube.com/watch?v=ilw-qmqZ5zY
Zedd, Maren Morris, Grey - The Middle (Lyric Video);https://www.youtube.com/watch?v=Lj6Y6JCu-l4
Marshmello & Anne-Marie - FRIENDS  ( cover by J.Fla );https://www.youtube.com/watch?v=N3GvO6oRw7E
Tom Walker - Leave a Light On (Official Video);https://www.youtube.com/watch?v=nqnkBdExjws
Lost Frequencies & Zonderling - Crazy (LYRICS);https://www.youtube.com/watch?v=9sblw3i2Rl8
Bastille - Pompeii (Lyrics);https://www.youtube.com/watch?v=m326LNIRB3k
Eiffel 65   Discovery Channel;https://www.youtube.com/watch?v=gaukPDbZJ9w
Jean-Michel Jarre - Fourth Rendez-Vous;https://www.youtube.com/watch?v=vCLEZM_N0K8
Need You Now by Lady Antebellum [[LYRICS ON SCREEN]];https://www.youtube.com/watch?v=4LMgO4JyBp4
Loreen - Euphoria (Lyrics);https://www.youtube.com/watch?v=Ie3TH6Xy36k
lovefool by The Cardigans with lyrics;https://www.youtube.com/watch?v=IwQbXrwYZAg
Harold Faltermeyer  - Axel F (COVER Jam);https://www.youtube.com/watch?v=HHKA27R-47I
Chanson Grivoise - Fran√ßois P√©russe;https://www.youtube.com/watch?v=3rBuM_4z6OY
Chanteur en studio -- Fran√ßois P√©russe (Europe);https://www.youtube.com/watch?v=9l-tUVTxGWU
C'est belle une fille (Europe);https://www.youtube.com/watch?v=cdvIQRIh4OU
Keri Hilson - I Like - Lyrics;https://www.youtube.com/watch?v=hgMVpi-WJCY
michael the turtle  ghostbusters;https://www.youtube.com/watch?v=_v2uPtmlCt0
Deleted video;https://www.youtube.com/watch?v=t_ZR8rW8k24
Sound Of Legend - Push The Feeling On (Official Video);https://www.youtube.com/watch?v=J2bWdMhroo8
a-ha - Take On Me (Official Video) [Remastered in 4K];https://www.youtube.com/watch?v=djV11Xbc914
U2 - You‚Äôre The Best Thing About Me (Lyric Video);https://www.youtube.com/watch?v=PbGSiJ9iat8
